[
  {
    "name": "Donegal",
    "lat": 54.92282746,
    "long": -7.904880728,
    "within": "Ulster",
    "direction": {
      "S": {
        "name": "Leitrim",
        "distance": 87.40553416963891
      },
      "E": {
        "name": "Monaghan",
        "distance": 106.30471678458093
      },
      "W": {
        "name": "Mayo",
        "distance": 146.6703707843786
      }
    }
  },
  {
    "name": "Limerick",
    "lat": 52.49583155,
    "long": -8.749683847,
    "within": "Munster",
    "direction": {
      "N": {
        "name": "Clare",
        "distance": 43.1339422857938
      },
      "E": {
        "name": "Tipperary",
        "distance": 55.98141797645131
      },
      "S": {
        "name": "Cork",
        "distance": 64.65624812379653
      },
      "W": {
        "name": "Kerry",
        "distance": 78.26907582639829
      }
    }
  },
  {
    "name": "Kildare",
    "lat": 53.19061241,
    "long": -6.818534156,
    "within": "Leinster",
    "direction": {
      "N": {
        "name": "Meath",
        "distance": 49.37792907645897
      },
      "W": {
        "name": "Laois",
        "distance": 42.640227800063386
      },
      "S": {
        "name": "Carlow",
        "distance": 51.29350868516682
      },
      "E": {
        "name": "Wicklow",
        "distance": 37.96997013997026
      }
    }
  },
  {
    "name": "Waterford",
    "lat": 52.17335579,
    "long": -7.596584706,
    "within": "Munster",
    "direction": {
      "N": {
        "name": "Kilkenny",
        "distance": 50.958626997381224
      },
      "W": {
        "name": "Limerick",
        "distance": 86.18939999896659
      },
      "E": {
        "name": "Wexford",
        "distance": 76.63281644873499
      }
    }
  },
  {
    "name": "Dublin",
    "lat": 53.39222268,
    "long": -6.283976115,
    "within": "Leinster",
    "direction": {
      "W": {
        "name": "Meath",
        "distance": 39.83190375571702
      },
      "N": {
        "name": "Louth",
        "distance": 58.182476733024444
      },
      "S": {
        "name": "Wicklow",
        "distance": 46.35531766797377
      }
    }
  },
  {
    "name": "Westmeath",
    "lat": 53.52860148,
    "long": -7.443178937,
    "within": "Leinster",
    "direction": {
      "N": {
        "name": "Cavan",
        "distance": 52.207046101851695
      },
      "W": {
        "name": "Longford",
        "distance": 27.65455437550164
      },
      "E": {
        "name": "Meath",
        "distance": 48.340959834927204
      },
      "S": {
        "name": "Offaly",
        "distance": 37.165766526587056
      }
    }
  },
  {
    "name": "Monaghan",
    "lat": 54.15519086,
    "long": -6.92346909,
    "within": "Ulster",
    "direction": {
      "W": {
        "name": "Cavan",
        "distance": 33.18725360516381
      },
      "S": {
        "name": "Meath",
        "distance": 59.58363863201541
      },
      "E": {
        "name": "Louth",
        "distance": 43.05488906613341
      }
    }
  },
  {
    "name": "Wicklow",
    "lat": 52.9788772,
    "long": -6.372726761,
    "within": "Leinster",
    "direction": {
      "N": {
        "name": "Dublin",
        "distance": 46.35531766797377
      },
      "W": {
        "name": "Kildare",
        "distance": 37.96997013997026
      },
      "S": {
        "name": "Wexford",
        "distance": 59.29754471317894
      }
    }
  },
  {
    "name": "Cork",
    "lat": 51.91690312,
    "long": -8.835013477,
    "within": "Munster",
    "direction": {
      "N": {
        "name": "Limerick",
        "distance": 64.65624812379653
      },
      "E": {
        "name": "Waterford",
        "distance": 89.39382362037072
      },
      "W": {
        "name": "Kerry",
        "distance": 64.76614785804883
      }
    }
  },
  {
    "name": "Kerry",
    "lat": 52.11943768,
    "long": -9.722092714,
    "within": "Munster",
    "direction": {
      "N": {
        "name": "Clare",
        "distance": 92.47038634069631
      },
      "E": {
        "name": "Cork",
        "distance": 64.76614785804883
      }
    }
  },
  {
    "name": "Roscommon",
    "lat": 53.7236681,
    "long": -8.246460379,
    "within": "Connacht",
    "direction": {
      "N": {
        "name": "Leitrim",
        "distance": 48.571937906224434
      },
      "S": {
        "name": "Clare",
        "distance": 111.59463146326028
      },
      "E": {
        "name": "Longford",
        "distance": 34.33928800572027
      },
      "W": {
        "name": "Galway",
        "distance": 61.60442261637049
      }
    }
  },
  {
    "name": "Wexford",
    "lat": 52.45952138,
    "long": -6.571349926,
    "within": "Leinster",
    "direction": {
      "N": {
        "name": "Carlow",
        "distance": 34.51130769929005
      },
      "W": {
        "name": "Kilkenny",
        "distance": 46.5865872157092
      }
    }
  },
  {
    "name": "Longford",
    "lat": 53.71260132,
    "long": -7.725088528,
    "within": "Leinster",
    "direction": {
      "N": {
        "name": "Leitrim",
        "distance": 51.378202217259066
      },
      "S": {
        "name": "Offaly",
        "distance": 56.7459324674933
      },
      "E": {
        "name": "Westmeath",
        "distance": 27.65455437550164
      },
      "W": {
        "name": "Roscommon",
        "distance": 34.33928800572027
      }
    }
  },
  {
    "name": "Meath",
    "lat": 53.63153091,
    "long": -6.731973511,
    "within": "Leinster",
    "direction": {
      "N": {
        "name": "Monaghan",
        "distance": 59.58363863201541
      },
      "W": {
        "name": "Westmeath",
        "distance": 48.340959834927204
      },
      "S": {
        "name": "Kildare",
        "distance": 49.37792907645897
      },
      "E": {
        "name": "Louth",
        "distance": 37.327732517548704
      }
    }
  },
  {
    "name": "Cavan",
    "lat": 53.99488322,
    "long": -7.352364186,
    "within": "Ulster",
    "direction": {
      "N": {
        "name": "Donegal",
        "distance": 109.22153619467844
      },
      "S": {
        "name": "Westmeath",
        "distance": 52.207046101851695
      },
      "E": {
        "name": "Monaghan",
        "distance": 33.18725360516381
      },
      "W": {
        "name": "Longford",
        "distance": 39.79739506905863
      }
    }
  },
  {
    "name": "Carlow",
    "lat": 52.72947193,
    "long": -6.82314422,
    "within": "Leinster",
    "direction": {
      "N": {
        "name": "Kildare",
        "distance": 51.29350868516682
      },
      "W": {
        "name": "Kilkenny",
        "distance": 32.62150555512634
      },
      "E": {
        "name": "Wicklow",
        "distance": 41.04615663500283
      },
      "S": {
        "name": "Wexford",
        "distance": 34.51130769929005
      }
    }
  },
  {
    "name": "Mayo",
    "lat": 53.92423928,
    "long": -9.385225064,
    "within": "Connacht",
    "direction": {
      "E": {
        "name": "Sligo",
        "distance": 56.107631040298436
      },
      "S": {
        "name": "Galway",
        "distance": 68.63639125874613
      }
    }
  },
  {
    "name": "Louth",
    "lat": 53.90959269,
    "long": -6.41406182,
    "within": "Leinster",
    "direction": {
      "W": {
        "name": "Meath",
        "distance": 37.327732517548704
      },
      "S": {
        "name": "Dublin",
        "distance": 58.182476733024444
      }
    }
  },
  {
    "name": "Sligo",
    "lat": 54.15746507,
    "long": -8.62352025,
    "within": "Connacht",
    "direction": {
      "N": {
        "name": "Donegal",
        "distance": 96.94054002901925
      },
      "S": {
        "name": "Roscommon",
        "distance": 54.1996847139542
      },
      "E": {
        "name": "Leitrim",
        "distance": 39.192457436054546
      },
      "W": {
        "name": "Mayo",
        "distance": 56.107631040298436
      }
    }
  },
  {
    "name": "Leitrim",
    "lat": 54.13999366,
    "long": -8.022643765,
    "within": "Connacht",
    "direction": {
      "N": {
        "name": "Donegal",
        "distance": 87.40553416963891
      },
      "S": {
        "name": "Roscommon",
        "distance": 48.571937906224434
      },
      "E": {
        "name": "Cavan",
        "distance": 46.63345637287952
      },
      "W": {
        "name": "Sligo",
        "distance": 39.192457436054546
      }
    }
  },
  {
    "name": "Kilkenny",
    "lat": 52.57423405,
    "long": -7.233305357,
    "within": "Leinster",
    "direction": {
      "N": {
        "name": "Laois",
        "distance": 46.2817197381626
      },
      "W": {
        "name": "Tipperary",
        "distance": 49.545912342167895
      },
      "S": {
        "name": "Waterford",
        "distance": 50.958626997381224
      },
      "E": {
        "name": "Carlow",
        "distance": 32.62150555512634
      }
    }
  },
  {
    "name": "Offaly",
    "lat": 53.20787711,
    "long": -7.600239168,
    "within": "Leinster",
    "direction": {
      "N": {
        "name": "Westmeath",
        "distance": 37.165766526587056
      },
      "W": {
        "name": "Roscommon",
        "distance": 71.57057882696517
      },
      "E": {
        "name": "Laois",
        "distance": 29.80609801067105
      },
      "S": {
        "name": "Tipperary",
        "distance": 67.22208059725413
      }
    }
  },
  {
    "name": "Laois",
    "lat": 52.98367116,
    "long": -7.355831321,
    "within": "Leinster",
    "direction": {
      "N": {
        "name": "Westmeath",
        "distance": 60.89053480567712
      },
      "W": {
        "name": "Offaly",
        "distance": 29.80609801067105
      },
      "E": {
        "name": "Kildare",
        "distance": 42.640227800063386
      },
      "S": {
        "name": "Kilkenny",
        "distance": 46.2817197381626
      }
    }
  },
  {
    "name": "Galway",
    "lat": 53.36275445,
    "long": -8.953462334,
    "within": "Connacht",
    "direction": {
      "N": {
        "name": "Mayo",
        "distance": 68.63639125874613
      },
      "S": {
        "name": "Clare",
        "distance": 58.39402759089505
      },
      "E": {
        "name": "Roscommon",
        "distance": 61.60442261637049
      }
    }
  },
  {
    "name": "Tipperary",
    "lat": 52.64330798,
    "long": -7.95796239,
    "within": "Munster",
    "direction": {
      "N": {
        "name": "Offaly",
        "distance": 67.22208059725413
      },
      "W": {
        "name": "Limerick",
        "distance": 55.98141797645131
      },
      "E": {
        "name": "Kilkenny",
        "distance": 49.545912342167895
      },
      "S": {
        "name": "Waterford",
        "distance": 57.738038633055
      }
    }
  },
  {
    "name": "Clare",
    "lat": 52.84051116,
    "long": -9.042716013,
    "within": "Munster",
    "direction": {
      "N": {
        "name": "Galway",
        "distance": 58.39402759089505
      },
      "S": {
        "name": "Limerick",
        "distance": 43.1339422857938
      },
      "E": {
        "name": "Tipperary",
        "distance": 76.26792180754417
      }
    }
  }
]