[
  {
    "name": "Municipal District of Inishowen",
    "lat": 647567.97,
    "long": 937839.8,
    "within": "DONEGAL",
    "direction": {
      "W": {
        "name": "Municipal District of Borris-in-Ossory-Mountmellick",
        "distance": 449.91335435738904
      },
      "S": {
        "name": "Municipal District of Glenties",
        "distance": 2039.783266641928
      }
    }
  },
  {
    "name": "Municipal District of West Clare",
    "lat": 504640.49,
    "long": 680078.02,
    "within": "CLARE",
    "direction": {
      "E": {
        "name": "Municipal District of Inishowen",
        "distance": 833.3249920339615
      },
      "N": {
        "name": "Municipal District of Comeragh",
        "distance": 154.62955337489245
      },
      "W": {
        "name": "Municipal District of Carrigaline",
        "distance": 1530.4404963550344
      }
    }
  },
  {
    "name": "Municipal District of Birr",
    "lat": 611040.21,
    "long": 706125.44,
    "within": "OFFALY",
    "direction": {
      "E": {
        "name": "Municipal District of Monaghan",
        "distance": 3127.6779970468638
      },
      "S": {
        "name": "Municipal District of Westport - Belmullet",
        "distance": 2733.0932078948013
      },
      "N": {
        "name": "Municipal District of Naas",
        "distance": 2862.4697505370573
      },
      "W": {
        "name": "Municipal District of Callan-Thomastown",
        "distance": 1187.6380166531105
      }
    }
  },
  {
    "name": "Municipal District of Castleisland-Corca Dhuibhne",
    "lat": 467432.38,
    "long": 607644.08,
    "within": "KERRY",
    "direction": {
      "E": {
        "name": "Municipal District of Ballyjamesduff",
        "distance": 2198.470093855857
      },
      "N": {
        "name": "Municipal District of Adare-Rathkeale",
        "distance": 1380.2686400123825
      },
      "W": {
        "name": "Municipal District of West Cork",
        "distance": 10563.737793203101
      }
    }
  },
  {
    "name": "Municipal District of Westport - Belmullet",
    "lat": 478540.97,
    "long": 805175.83,
    "within": "MAYO",
    "direction": {
      "N": {
        "name": "Municipal District Wicklow",
        "distance": 888.062746641996
      },
      "W": {
        "name": "Municipal District of Ennis",
        "distance": 1532.6441826036548
      },
      "E": {
        "name": "Municipal District of Glenties",
        "distance": 18841.77906646012
      }
    }
  },
  {
    "name": "Municipal District Wicklow",
    "lat": 719366.91,
    "long": 698423.14,
    "within": "WICKLOW",
    "direction": {
      "E": {
        "name": "Municipal District of Ballinamore",
        "distance": 1242.8310634378454
      },
      "S": {
        "name": "Municipal District of Ennis",
        "distance": 657.6102648169519
      },
      "W": {
        "name": "Municipal District of Gorey-Kilmuckridge",
        "distance": 10130.369865294564
      }
    }
  },
  {
    "name": "Municipal District of Tipperary-Cahir-Cashel",
    "lat": 594887.75,
    "long": 632654.99,
    "within": "TIPPERARY",
    "direction": {
      "E": {
        "name": "Municipal District of Kildare-Newbridge",
        "distance": 1973.5973711042607
      },
      "S": {
        "name": "Municipal District of Conamara",
        "distance": 871.9372547237994
      },
      "N": {
        "name": "Municipal District of Arklow",
        "distance": 4086.149484411631
      },
      "W": {
        "name": "Municipal District of Fermoy",
        "distance": 3515.651892524992
      }
    }
  },
  {
    "name": "Municipal District of Laytown - Bettystown",
    "lat": 702240.78,
    "long": 776366.35,
    "within": "MEATH",
    "direction": {
      "E": {
        "name": "Municipal District of Lifford - Stranorlar",
        "distance": 514.6051486887835
      },
      "S": {
        "name": "Municipal District of Killarney",
        "distance": 1703.919761190639
      },
      "W": {
        "name": "Municipal District of Carrigaline",
        "distance": 1749.830136682487
      },
      "N": {
        "name": "Borough District of Drogheda",
        "distance": 3211.060833005409
      }
    }
  },
  {
    "name": "Municipal District of Ballyjamesduff",
    "lat": 648492.72,
    "long": 794486.68,
    "within": "CAVAN",
    "direction": {
      "E": {
        "name": "Municipal District of Donegal",
        "distance": 4126.815575119709
      },
      "S": {
        "name": "Municipal District of Athlone",
        "distance": 2918.182041379102
      },
      "W": {
        "name": "Municipal District of Castleisland-Corca Dhuibhne",
        "distance": 2198.470093855857
      },
      "N": {
        "name": "Municipal District of Ashbourne",
        "distance": 3945.3371437167107
      }
    }
  },
  {
    "name": "Municipal District of Longford",
    "lat": 613075.51,
    "long": 778755.54,
    "within": "LONGFORD",
    "direction": {
      "E": {
        "name": "Municipal District of Inishowen",
        "distance": 7907.109369081529
      },
      "S": {
        "name": "Municipal District of Athenry",
        "distance": 7114.421025439694
      },
      "W": {
        "name": "Municipal District of Athy",
        "distance": 2337.234494673194
      },
      "N": {
        "name": "Municipal District of Carrickmacross - Castleblayney",
        "distance": 4310.305830314974
      }
    }
  },
  {
    "name": "Municipal District of Carrick-on-Suir",
    "lat": 626085.6,
    "long": 638323,
    "within": "TIPPERARY",
    "direction": {
      "E": {
        "name": "Municipal District of Dundalk",
        "distance": 1642.713068403558
      },
      "S": {
        "name": "Municipal District of Ennis",
        "distance": 5262.218486910552
      },
      "N": {
        "name": "Municipal District Wicklow",
        "distance": 4616.517722194217
      },
      "W": {
        "name": "Municipal District of East Cork",
        "distance": 2767.96745582254
      }
    }
  },
  {
    "name": "Municipal District of Trim",
    "lat": 671062.14,
    "long": 751858.51,
    "within": "MEATH",
    "direction": {
      "E": {
        "name": "Municipal District of Donegal",
        "distance": 3790.7470053728753
      },
      "S": {
        "name": "Municipal District of Nenagh",
        "distance": 2050.5268776197377
      },
      "W": {
        "name": "Municipal District of Muinebeag",
        "distance": 2837.5332269504916
      },
      "N": {
        "name": "Municipal District of Celbridge-Leixlip",
        "distance": 6188.467772394031
      }
    }
  },
  {
    "name": "Municipal District of Mullingar - Kinnegad",
    "lat": 650028.73,
    "long": 760450.81,
    "within": "WESTMEATH",
    "direction": {
      "E": {
        "name": "Municipal District of Granard",
        "distance": 3919.9447806866046
      },
      "S": {
        "name": "Municipal District of Castlebar",
        "distance": 1447.9854352128596
      },
      "W": {
        "name": "Municipal District of Carrigaline",
        "distance": 3341.691355307604
      },
      "N": {
        "name": "Borough District of Drogheda",
        "distance": 2071.966803399699
      }
    }
  },
  {
    "name": "Municipal District of Adare-Rathkeale",
    "lat": 540522.45,
    "long": 645451.95,
    "within": "LIMERICK",
    "direction": {
      "E": {
        "name": "Municipal District of Ballyjamesduff",
        "distance": 3341.8328566077375
      },
      "S": {
        "name": "Municipal District of Castleisland-Corca Dhuibhne",
        "distance": 1380.2686400123825
      },
      "N": {
        "name": "Municipal District of Trim",
        "distance": 2821.4384514079716
      },
      "W": {
        "name": "Municipal District of Newcastle West",
        "distance": 3666.624381509207
      }
    }
  },
  {
    "name": "Borough District of Clonmel",
    "lat": 622242.17,
    "long": 629840.91,
    "within": "TIPPERARY",
    "direction": {
      "E": {
        "name": "Municipal District of Athenry",
        "distance": 974.6629396495164
      },
      "S": {
        "name": "Municipal District of Kenmare",
        "distance": 4455.66451468168
      },
      "N": {
        "name": "Municipal District of Gorey-Kilmuckridge",
        "distance": 2990.7094320981932
      },
      "W": {
        "name": "Municipal District of Cobh",
        "distance": 1901.6576651534892
      }
    }
  },
  {
    "name": "Municipal District of Muinebeag",
    "lat": 671583.36,
    "long": 654477.76,
    "within": "CARLOW",
    "direction": {
      "E": {
        "name": "Municipal District of Manorhamilton",
        "distance": 2760.1818835461363
      },
      "S": {
        "name": "Municipal District of Adare-Rathkeale",
        "distance": 3664.481160818675
      },
      "N": {
        "name": "Borough District of Wexford",
        "distance": 2083.1752827138507
      },
      "W": {
        "name": "Municipal District of New Ross",
        "distance": 8260.140055906815
      }
    }
  },
  {
    "name": "Municipal District of Thurles",
    "lat": 613699.59,
    "long": 670090.44,
    "within": "TIPPERARY",
    "direction": {
      "E": {
        "name": "Municipal District of Roscommon",
        "distance": 700.2353934466645
      },
      "S": {
        "name": "Municipal District of West Clare",
        "distance": 1604.0743059148829
      },
      "N": {
        "name": "Municipal District of Rosslare",
        "distance": 634.3681732246365
      },
      "W": {
        "name": "Municipal District of Comeragh",
        "distance": 1453.029648814088
      }
    }
  },
  {
    "name": "Municipal District of Carrickmacross - Castleblayney",
    "lat": 684867.07,
    "long": 812044.92,
    "within": "MONAGHAN",
    "direction": {
      "E": {
        "name": "Municipal District of Monaghan",
        "distance": 7948.1812617705655
      },
      "S": {
        "name": "Municipal District of Longford",
        "distance": 4310.305830314974
      },
      "W": {
        "name": "Municipal District of Carrick-on-Suir",
        "distance": 2342.6762056680896
      },
      "N": {
        "name": "Municipal District of Dundalk",
        "distance": 3746.0870884922488
      }
    }
  },
  {
    "name": "Municipal District of Ennis",
    "lat": 532526.3,
    "long": 677422.29,
    "within": "CLARE",
    "direction": {
      "E": {
        "name": "Municipal District of Ballinamore",
        "distance": 804.8085230065997
      },
      "S": {
        "name": "Municipal District of Listowel",
        "distance": 64.43181333922578
      },
      "N": {
        "name": "Municipal District Wicklow",
        "distance": 657.6102648169519
      },
      "W": {
        "name": "Municipal District of East Cork",
        "distance": 3056.266035162246
      }
    }
  },
  {
    "name": "Municipal District of Naas",
    "lat": 694116.43,
    "long": 718202.21,
    "within": "KILDARE",
    "direction": {
      "E": {
        "name": "Municipal District of Dundalk",
        "distance": 1919.1088581068352
      },
      "S": {
        "name": "Municipal District of Claremorris - Swinford",
        "distance": 1095.6607340106598
      },
      "N": {
        "name": "Municipal District Wicklow",
        "distance": 5638.488143251483
      },
      "W": {
        "name": "Borough District of Clonmel",
        "distance": 2765.2189352138744
      }
    }
  },
  {
    "name": "Municipal District of Bray",
    "lat": 719000.32,
    "long": 715112.2,
    "within": "WICKLOW",
    "direction": {
      "E": {
        "name": "Municipal District of Ashbourne",
        "distance": 2608.8849088346856
      },
      "S": {
        "name": "Municipal District of Athlone - Moate",
        "distance": 588.8348291510024
      },
      "W": {
        "name": "Municipal District Wicklow",
        "distance": 1320.2735114965697
      },
      "N": {
        "name": "Municipal District of Greystones",
        "distance": 13692.77311366716
      }
    }
  },
  {
    "name": "Municipal District of Gorey-Kilmuckridge",
    "lat": 711544.08,
    "long": 650376.71,
    "within": "WEXFORD",
    "direction": {
      "E": {
        "name": "Municipal District of Athy",
        "distance": 3252.719700386387
      },
      "S": {
        "name": "Municipal District of Cobh",
        "distance": 1121.3362175602254
      },
      "W": {
        "name": "Municipal District of Rosslare",
        "distance": 9129.00099750444
      }
    }
  },
  {
    "name": "Municipal District of Kells",
    "lat": 667959.2,
    "long": 778248.66,
    "within": "MEATH",
    "direction": {
      "E": {
        "name": "Municipal District of Carrickmacross - Castleblayney",
        "distance": 4509.517529147973
      },
      "S": {
        "name": "Municipal District of Castleisland-Corca Dhuibhne",
        "distance": 3659.3668267386333
      },
      "W": {
        "name": "Municipal District of Dungarvan-Lismore",
        "distance": 4430.236582298223
      },
      "N": {
        "name": "Municipal District of Ashbourne",
        "distance": 5039.336921010638
      }
    }
  },
  {
    "name": "Municipal District of Navan",
    "lat": 685669.09,
    "long": 766351.21,
    "within": "MEATH",
    "direction": {
      "E": {
        "name": "Municipal District of Inishowen",
        "distance": 3597.104119904363
      },
      "S": {
        "name": "Municipal District of Tullamore",
        "distance": 2473.0686661190953
      },
      "W": {
        "name": "Municipal District of New Ross",
        "distance": 1315.1079653871686
      },
      "N": {
        "name": "Municipal District of Laytown - Bettystown",
        "distance": 4149.801513699272
      }
    }
  },
  {
    "name": "Municipal District of Athlone - Moate",
    "lat": 624325.15,
    "long": 750410.44,
    "within": "WESTMEATH",
    "direction": {
      "E": {
        "name": "Municipal District of Ballinamore",
        "distance": 495.8677819513322
      },
      "S": {
        "name": "Municipal District of Ennis",
        "distance": 688.7134100685191
      },
      "W": {
        "name": "Municipal District of Castlecomer",
        "distance": 790.6290196686224
      },
      "N": {
        "name": "Municipal District of Bray",
        "distance": 588.8348291510024
      }
    }
  },
  {
    "name": "Municipal District of Ashbourne",
    "lat": 702423.91,
    "long": 757527.89,
    "within": "MEATH",
    "direction": {
      "E": {
        "name": "Municipal District of Carrickmacross - Castleblayney",
        "distance": 3792.726709283653
      },
      "S": {
        "name": "Municipal District of Athlone",
        "distance": 2057.5976744101004
      },
      "W": {
        "name": "Municipal District of East Cork",
        "distance": 904.2409585777056
      }
    }
  },
  {
    "name": "Municipal District of Loughrea",
    "lat": 562669.91,
    "long": 711382.46,
    "within": "GALWAY",
    "direction": {
      "E": {
        "name": "Municipal District of Boyle",
        "distance": 2027.1328005010253
      },
      "S": {
        "name": "Municipal District of West Clare",
        "distance": 7766.237583995622
      },
      "N": {
        "name": "Municipal District of Gorey-Kilmuckridge",
        "distance": 1708.3305155403593
      },
      "W": {
        "name": "Municipal District of Cobh",
        "distance": 1642.72705208811
      }
    }
  },
  {
    "name": "Municipal District of Comeragh",
    "lat": 634239.38,
    "long": 609153.16,
    "within": "WATERFORD",
    "direction": {
      "E": {
        "name": "Municipal District of Borris-in-Ossory-Mountmellick",
        "distance": 685.0408628222609
      },
      "S": {
        "name": "Municipal District of West Clare",
        "distance": 154.62955337489245
      },
      "N": {
        "name": "Municipal District of Rosslare",
        "distance": 829.1341804335239
      }
    }
  },
  {
    "name": "Municipal District of Bandon - Kinsale",
    "lat": 554589.44,
    "long": 550666.25,
    "within": "CORK",
    "direction": {
      "E": {
        "name": "Municipal District of Athy",
        "distance": 2053.594961416581
      },
      "S": {
        "name": "Municipal District of West Cork",
        "distance": 2258.9071888534154
      },
      "N": {
        "name": "Municipal District of Gorey-Kilmuckridge",
        "distance": 1210.357539818937
      }
    }
  },
  {
    "name": "Municipal District of East Cork",
    "lat": 594833.86,
    "long": 574449.29,
    "within": "CORK",
    "direction": {
      "E": {
        "name": "Municipal District of Ashbourne",
        "distance": 904.2409585777056
      },
      "S": {
        "name": "Municipal District of Listowel",
        "distance": 3113.6514418137995
      },
      "N": {
        "name": "Municipal District Wicklow",
        "distance": 2427.7825965047577
      }
    }
  },
  {
    "name": "Municipal District of Sligo-Drumcliff",
    "lat": 566625.89,
    "long": 840821.45,
    "within": "SLIGO",
    "direction": {
      "E": {
        "name": "Municipal District of Donegal",
        "distance": 7304.0638401293945
      },
      "W": {
        "name": "Municipal District of Tullow",
        "distance": 1482.0231692785528
      },
      "S": {
        "name": "Municipal District of Ballina",
        "distance": 9046.008942860148
      },
      "N": {
        "name": "Municipal District of Cavan-Belturbet",
        "distance": 2129.077769662391
      }
    }
  },
  {
    "name": "Municipal District of Borris-in-Ossory-Mountmellick",
    "lat": 634575.29,
    "long": 694308.36,
    "within": "LAOIS",
    "direction": {
      "E": {
        "name": "Municipal District of Inishowen",
        "distance": 449.91335435738904
      },
      "S": {
        "name": "Municipal District of West Clare",
        "distance": 530.4494875791847
      },
      "N": {
        "name": "Municipal District of Clane-Maynooth",
        "distance": 1647.147048872883
      },
      "W": {
        "name": "Municipal District of Comeragh",
        "distance": 685.0408628222609
      }
    }
  },
  {
    "name": "Municipal District of Tullamore",
    "lat": 629141.28,
    "long": 727081.41,
    "within": "OFFALY",
    "direction": {
      "E": {
        "name": "Municipal District of Ballymahon",
        "distance": 3120.7209819799555
      },
      "S": {
        "name": "Municipal District of Tuam",
        "distance": 3056.590640792659
      },
      "W": {
        "name": "Municipal District of Killarney",
        "distance": 1638.8550590465159
      },
      "N": {
        "name": "Municipal District of Athy",
        "distance": 2309.180678001546
      }
    }
  },
  {
    "name": "Municipal District of Edenderry",
    "lat": 652184.7,
    "long": 725706.97,
    "within": "OFFALY",
    "direction": {
      "E": {
        "name": "Municipal District of Navan",
        "distance": 2735.129928454121
      },
      "S": {
        "name": "Municipal District of Tuam",
        "distance": 4431.606043285708
      },
      "N": {
        "name": "Municipal District of Clane-Maynooth",
        "distance": 5250.867367981063
      },
      "W": {
        "name": "Municipal District of Kilkenny City",
        "distance": 478.15691462616763
      }
    }
  },
  {
    "name": "Municipal District of Monaghan",
    "lat": 666867.79,
    "long": 838237.2,
    "within": "MONAGHAN",
    "direction": {
      "E": {
        "name": "Municipal District of Letterkenny - Milford",
        "distance": 3037.9130462808957
      },
      "S": {
        "name": "Municipal District of Claremorris - Swinford",
        "distance": 1325.7875270113561
      },
      "W": {
        "name": "Municipal District of Callan-Thomastown",
        "distance": 2280.871289661342
      },
      "N": {
        "name": "Municipal District of Dundalk",
        "distance": 4202.508276450257
      }
    }
  },
  {
    "name": "Municipal District of Graiguecullen-Portarlington",
    "lat": 660846.94,
    "long": 692938.57,
    "within": "LAOIS",
    "direction": {
      "E": {
        "name": "Municipal District of Navan",
        "distance": 2514.492434161079
      },
      "S": {
        "name": "Municipal District of Tuam",
        "distance": 2267.0462816840236
      },
      "N": {
        "name": "Municipal District of Athy",
        "distance": 6508.270182129141
      },
      "W": {
        "name": "Municipal District of Carlow",
        "distance": 1595.455763878616
      }
    }
  },
  {
    "name": "Municipal District of Manorhamilton",
    "lat": 587866.33,
    "long": 837874.9,
    "within": "LEITRIM",
    "direction": {
      "E": {
        "name": "Municipal District of Glenties",
        "distance": 8476.254349099001
      },
      "W": {
        "name": "Municipal District of Muinebeag",
        "distance": 2760.1818835461363
      },
      "S": {
        "name": "Municipal District of Sligo-Drumcliff",
        "distance": 7159.403257113146
      },
      "N": {
        "name": "Municipal District of Kells",
        "distance": 6342.489384911254
      }
    }
  },
  {
    "name": "Municipal District of Ballinasloe",
    "lat": 578110.34,
    "long": 744839.55,
    "within": "GALWAY",
    "direction": {
      "E": {
        "name": "Municipal District of Lifford - Stranorlar",
        "distance": 1893.6268212548282
      },
      "S": {
        "name": "Municipal District of West Clare",
        "distance": 3634.4004340685296
      },
      "W": {
        "name": "Municipal District of Tralee",
        "distance": 1937.1686672826563
      },
      "N": {
        "name": "Municipal District of Ballymahon",
        "distance": 1954.3862057409958
      }
    }
  },
  {
    "name": "Municipal District of Kenmare",
    "lat": 468358.69,
    "long": 575985.16,
    "within": "KERRY",
    "direction": {
      "E": {
        "name": "Municipal District of Shannon",
        "distance": 289.1056880748576
      },
      "N": {
        "name": "Municipal District of Tipperary-Cahir-Cashel",
        "distance": 3657.5598698206477
      },
      "W": {
        "name": "Borough District of Sligo",
        "distance": 1656.9256497603717
      }
    }
  },
  {
    "name": "Municipal District of Newcastle West",
    "lat": 528978.57,
    "long": 632878.5,
    "within": "LIMERICK",
    "direction": {
      "E": {
        "name": "Municipal District of Donegal",
        "distance": 2172.1449232440696
      },
      "N": {
        "name": "Municipal District of Nenagh",
        "distance": 121.23821418736333
      },
      "S": {
        "name": "Municipal District of Castleisland-Corca Dhuibhne",
        "distance": 3477.5459902796983
      },
      "W": {
        "name": "Municipal District of Kanturk - Mallow",
        "distance": 5254.506542143474
      }
    }
  },
  {
    "name": "Municipal District of Cobh",
    "lat": 574017.07,
    "long": 577289.46,
    "within": "CORK",
    "direction": {
      "E": {
        "name": "Municipal District of Loughrea",
        "distance": 1642.72705208811
      },
      "S": {
        "name": "Municipal District of West Cork",
        "distance": 4549.652883659462
      },
      "N": {
        "name": "Municipal District of Gorey-Kilmuckridge",
        "distance": 1121.3362175602254
      },
      "W": {
        "name": "Municipal District of Bandon - Kinsale",
        "distance": 2314.2784349576177
      }
    }
  },
  {
    "name": "Municipal District of Enniscorthy",
    "lat": 693932.79,
    "long": 645396.33,
    "within": "WEXFORD",
    "direction": {
      "E": {
        "name": "Municipal District of Navan",
        "distance": 1862.2742934882256
      },
      "S": {
        "name": "Municipal District of Kilkenny City",
        "distance": 2502.0582948598912
      },
      "N": {
        "name": "Municipal District of Gorey-Kilmuckridge",
        "distance": 6945.717029758221
      },
      "W": {
        "name": "Municipal District of New Ross",
        "distance": 2387.157046687148
      }
    }
  },
  {
    "name": "Municipal District of Clane-Maynooth",
    "lat": 679951.95,
    "long": 733279.17,
    "within": "KILDARE",
    "direction": {
      "E": {
        "name": "Municipal District of Ardee",
        "distance": 192.18581092418316
      },
      "S": {
        "name": "Municipal District of Roscommon",
        "distance": 875.7908418764
      },
      "N": {
        "name": "Municipal District of Greystones",
        "distance": 6977.823220754702
      },
      "W": {
        "name": "Municipal District of Rosslare",
        "distance": 566.5903034792793
      }
    }
  },
  {
    "name": "Municipal District of Piltown",
    "lat": 655906.7,
    "long": 621996.77,
    "within": "KILKENNY",
    "direction": {
      "E": {
        "name": "Municipal District of Baltinglass",
        "distance": 2144.095101280698
      },
      "S": {
        "name": "Municipal District of Conamara",
        "distance": 4544.297400698281
      },
      "N": {
        "name": "Municipal District of Arklow",
        "distance": 1266.3768496755745
      },
      "W": {
        "name": "Metropolitan District of Waterford City",
        "distance": 7475.158779036105
      }
    }
  },
  {
    "name": "Municipal District of Shannon",
    "lat": 549356.23,
    "long": 664906,
    "within": "CLARE",
    "direction": {
      "E": {
        "name": "Municipal District of Boyle",
        "distance": 2156.5613375262715
      },
      "S": {
        "name": "Municipal District of Tralee",
        "distance": 5428.88274246205
      },
      "N": {
        "name": "Municipal District of Tipperary-Cahir-Cashel",
        "distance": 3863.533458303861
      },
      "W": {
        "name": "Municipal District of Kenmare",
        "distance": 289.1056880748576
      }
    }
  },
  {
    "name": "Municipal District of Nenagh",
    "lat": 586480.56,
    "long": 684897.63,
    "within": "TIPPERARY",
    "direction": {
      "E": {
        "name": "Municipal District of Donegal",
        "distance": 2287.1601052893707
      },
      "S": {
        "name": "Municipal District of Newcastle West",
        "distance": 121.23821418736333
      },
      "N": {
        "name": "Municipal District of Trim",
        "distance": 2050.5268776197377
      },
      "W": {
        "name": "Municipal District of Dungarvan-Lismore",
        "distance": 4679.209884705032
      }
    }
  },
  {
    "name": "Municipal District of Callan-Thomastown",
    "lat": 654967.68,
    "long": 640951.68,
    "within": "KILKENNY",
    "direction": {
      "E": {
        "name": "Municipal District of Birr",
        "distance": 1187.6380166531105
      },
      "S": {
        "name": "Municipal District of Fermoy",
        "distance": 3414.311680985508
      },
      "N": {
        "name": "Municipal District Wicklow",
        "distance": 3984.7312768312536
      },
      "W": {
        "name": "Municipal District of East Cork",
        "distance": 5148.424287221863
      }
    }
  },
  {
    "name": "Municipal District of Boyle",
    "lat": 581396.7,
    "long": 797765.42,
    "within": "ROSCOMMON",
    "direction": {
      "E": {
        "name": "Municipal District of Lifford - Stranorlar",
        "distance": 6765.903822478171
      },
      "W": {
        "name": "Borough District of Sligo",
        "distance": 705.5329465365872
      },
      "S": {
        "name": "Municipal District of Claremorris - Swinford",
        "distance": 4239.757204380334
      },
      "N": {
        "name": "Municipal District of Carrick-on-Shannon",
        "distance": 2515.1243765138597
      }
    }
  },
  {
    "name": "Municipal District of Tullow",
    "lat": 687073.85,
    "long": 669295.18,
    "within": "CARLOW",
    "direction": {
      "E": {
        "name": "Municipal District of Sligo-Drumcliff",
        "distance": 1482.0231692785528
      },
      "S": {
        "name": "Municipal District of Kanturk - Mallow",
        "distance": 3339.134722759628
      },
      "N": {
        "name": "Municipal District of Arklow",
        "distance": 5207.493174733728
      },
      "W": {
        "name": "Municipal District of Piltown",
        "distance": 4491.487697461888
      }
    }
  },
  {
    "name": "Municipal District of Athenry",
    "lat": 546132.73,
    "long": 730093.52,
    "within": "GALWAY",
    "direction": {
      "E": {
        "name": "Municipal District of Carrick-on-Shannon",
        "distance": 1020.598185927213
      },
      "W": {
        "name": "Borough District of Clonmel",
        "distance": 974.6629396495164
      },
      "N": {
        "name": "Municipal District of Naas",
        "distance": 2868.2175605759653
      },
      "S": {
        "name": "Municipal District of Conamara",
        "distance": 7148.564649355458
      }
    }
  },
  {
    "name": "Borough District of Drogheda",
    "lat": 708773.09,
    "long": 780078.73,
    "within": "LOUTH",
    "direction": {
      "E": {
        "name": "Municipal District of Ardee",
        "distance": 2538.7057795447363
      },
      "S": {
        "name": "Municipal District of Ballina",
        "distance": 250.2134875145589
      },
      "W": {
        "name": "Municipal District of Thurles",
        "distance": 1431.7332383645153
      }
    }
  },
  {
    "name": "Municipal District of Fermoy",
    "lat": 577582.83,
    "long": 600953.28,
    "within": "CORK",
    "direction": {
      "E": {
        "name": "Municipal District of Letterkenny - Milford",
        "distance": 1248.436318296047
      },
      "S": {
        "name": "Municipal District of Macroom",
        "distance": 4741.033593929034
      },
      "N": {
        "name": "Municipal District of Callan-Thomastown",
        "distance": 3414.311680985508
      },
      "W": {
        "name": "Municipal District of East Cork",
        "distance": 7930.472761699958
      }
    }
  },
  {
    "name": "Municipal District of New Ross",
    "lat": 680272.09,
    "long": 622009.28,
    "within": "WEXFORD",
    "direction": {
      "E": {
        "name": "Municipal District of Navan",
        "distance": 1315.1079653871686
      },
      "S": {
        "name": "Municipal District of Cappamore-Kilmallock",
        "distance": 2925.233337309392
      },
      "N": {
        "name": "Municipal District of Rosslare",
        "distance": 4719.62697170828
      }
    }
  },
  {
    "name": "Metropolitan District of Waterford City",
    "lat": 661243.33,
    "long": 606113.58,
    "within": "WATERFORD",
    "direction": {
      "E": {
        "name": "Municipal District of Ballymote-Tobercurry",
        "distance": 252.68333600007438
      },
      "S": {
        "name": "Municipal District of Comeragh",
        "distance": 2486.760653720691
      },
      "N": {
        "name": "Municipal District of Rosslare",
        "distance": 1857.6852701496673
      }
    }
  },
  {
    "name": "Municipal District of Roscommon",
    "lat": 574839.11,
    "long": 774993.4,
    "within": "ROSCOMMON",
    "direction": {
      "E": {
        "name": "Municipal District of Glenties",
        "distance": 986.4063946685632
      },
      "W": {
        "name": "Municipal District of Thurles",
        "distance": 700.2353934466645
      },
      "S": {
        "name": "Municipal District of Ballina",
        "distance": 1931.0687087218946
      },
      "N": {
        "name": "Municipal District of Clane-Maynooth",
        "distance": 875.7908418764
      }
    }
  },
  {
    "name": "Municipal District of Listowel",
    "lat": 489694.26,
    "long": 635124.43,
    "within": "KERRY",
    "direction": {
      "E": {
        "name": "Municipal District of Ballinamore",
        "distance": 825.3930087618168
      },
      "N": {
        "name": "Municipal District of Ennis",
        "distance": 64.43181333922578
      },
      "W": {
        "name": "Municipal District of Macroom",
        "distance": 6236.6834043421695
      }
    }
  },
  {
    "name": "Municipal District of Celbridge-Leixlip",
    "lat": 697737.38,
    "long": 732478.86,
    "within": "KILDARE",
    "direction": {
      "E": {
        "name": "Municipal District of Donegal",
        "distance": 2426.348420688317
      },
      "S": {
        "name": "Metropolitan District of Limerick City",
        "distance": 2436.5601552376456
      },
      "W": {
        "name": "Municipal District of Castlecomer",
        "distance": 2727.3501123539713
      },
      "N": {
        "name": "Municipal District of Bray",
        "distance": 3706.903212143423
      }
    }
  },
  {
    "name": "Municipal District of Arklow",
    "lat": 716397.18,
    "long": 682481.27,
    "within": "WICKLOW",
    "direction": {
      "E": {
        "name": "Municipal District of Bailieborough-Cootehill",
        "distance": 1407.0097110508125
      },
      "S": {
        "name": "Municipal District of Piltown",
        "distance": 1266.3768496755745
      },
      "W": {
        "name": "Metropolitan District of Waterford City",
        "distance": 8708.666480164859
      }
    }
  },
  {
    "name": "Municipal District of Ardee",
    "lat": 700829.53,
    "long": 792443.66,
    "within": "LOUTH",
    "direction": {
      "E": {
        "name": "Municipal District of Glenties",
        "distance": 32.59478434673826
      },
      "S": {
        "name": "Municipal District of Roscommon",
        "distance": 961.819636116561
      },
      "W": {
        "name": "Municipal District of Clane-Maynooth",
        "distance": 192.18581092418316
      }
    }
  },
  {
    "name": "Municipal District of Castlebar",
    "lat": 513302.49,
    "long": 785454.66,
    "within": "MAYO",
    "direction": {
      "E": {
        "name": "Municipal District of Ballina",
        "distance": 1857.9769398018714
      },
      "W": {
        "name": "Municipal District of Tralee",
        "distance": 2495.3311091468104
      },
      "N": {
        "name": "Municipal District of Mullingar - Kinnegad",
        "distance": 1447.9854352128596
      },
      "S": {
        "name": "Municipal District of Westport - Belmullet",
        "distance": 16459.919666388352
      }
    }
  },
  {
    "name": "Borough District of Wexford",
    "lat": 701839.26,
    "long": 624607.89,
    "within": "WEXFORD",
    "direction": {
      "E": {
        "name": "Municipal District of Cavan-Belturbet",
        "distance": 3430.619399042009
      },
      "S": {
        "name": "Municipal District of Muinebeag",
        "distance": 2083.1752827138507
      },
      "W": {
        "name": "Municipal District of Rosslare",
        "distance": 8551.581543391907
      }
    }
  },
  {
    "name": "Municipal District of Athlone",
    "lat": 589392.86,
    "long": 747133.84,
    "within": "ROSCOMMON",
    "direction": {
      "E": {
        "name": "Municipal District of Ballinamore",
        "distance": 1723.8807455492404
      },
      "S": {
        "name": "Municipal District of Westport - Belmullet",
        "distance": 2393.2885926169774
      },
      "W": {
        "name": "Municipal District of Killaloe",
        "distance": 154.98291493951834
      },
      "N": {
        "name": "Municipal District of Bray",
        "distance": 945.5653605653916
      }
    }
  },
  {
    "name": "Municipal District of Dundalk",
    "lat": 708161.14,
    "long": 807503.57,
    "within": "LOUTH",
    "direction": {
      "E": {
        "name": "Municipal District of Letterkenny - Milford",
        "distance": 6180.751967799813
      },
      "S": {
        "name": "Municipal District of Carrick-on-Shannon",
        "distance": 2905.4029600432477
      },
      "W": {
        "name": "Municipal District of Carrick-on-Suir",
        "distance": 1642.713068403558
      }
    }
  },
  {
    "name": "Municipal District of Letterkenny - Milford",
    "lat": 611776.44,
    "long": 926045.42,
    "within": "DONEGAL",
    "direction": {
      "N": {
        "name": "Municipal District of Inishowen",
        "distance": 14711.910498808273
      },
      "W": {
        "name": "Municipal District of Fermoy",
        "distance": 1248.436318296047
      },
      "S": {
        "name": "Municipal District of Westport - Belmullet",
        "distance": 5283.895712699015
      }
    }
  },
  {
    "name": "Municipal District of Athy",
    "lat": 673899.48,
    "long": 693781.57,
    "within": "KILDARE",
    "direction": {
      "E": {
        "name": "Municipal District of Longford",
        "distance": 2337.234494673194
      },
      "S": {
        "name": "Municipal District of West Cork",
        "distance": 373.1536036856558
      },
      "N": {
        "name": "Municipal District Wicklow",
        "distance": 12022.607189810813
      },
      "W": {
        "name": "Municipal District of Bandon - Kinsale",
        "distance": 2053.594961416581
      }
    }
  },
  {
    "name": "Municipal District of Greystones",
    "lat": 727534.52,
    "long": 707695.74,
    "within": "WICKLOW",
    "direction": {
      "E": {
        "name": "Municipal District of Ratoath",
        "distance": 2295.504264052167
      },
      "S": {
        "name": "Municipal District of Mullingar - Kinnegad",
        "distance": 2898.961683787311
      },
      "W": {
        "name": "Municipal District of Piltown",
        "distance": 2402.5718513393185
      }
    }
  },
  {
    "name": "Municipal District of Ballina",
    "lat": 518331.8,
    "long": 824723.56,
    "within": "MAYO",
    "direction": {
      "N": {
        "name": "Borough District of Drogheda",
        "distance": 250.2134875145589
      },
      "W": {
        "name": "Municipal District of Carrigaline",
        "distance": 1258.7845523216508
      },
      "S": {
        "name": "Municipal District of Westport - Belmullet",
        "distance": 17004.04438686021
      },
      "E": {
        "name": "Municipal District of Glenties",
        "distance": 2431.1963452452937
      }
    }
  },
  {
    "name": "Municipal District of Conamara",
    "lat": 488894.28,
    "long": 733987.21,
    "within": "GALWAY",
    "direction": {
      "E": {
        "name": "Municipal District of Letterkenny - Milford",
        "distance": 3261.2721359788356
      },
      "W": {
        "name": "Municipal District of Fermoy",
        "distance": 2895.6290767549053
      },
      "N": {
        "name": "Municipal District of Tipperary-Cahir-Cashel",
        "distance": 871.9372547237994
      }
    }
  },
  {
    "name": "Municipal District of Tralee",
    "lat": 480548.82,
    "long": 617372.16,
    "within": "KERRY",
    "direction": {
      "E": {
        "name": "Municipal District of Ballinasloe",
        "distance": 1937.1686672826563
      },
      "N": {
        "name": "Municipal District of Mullingar - Kinnegad",
        "distance": 1546.2792712127998
      },
      "S": {
        "name": "Municipal District of Castleisland-Corca Dhuibhne",
        "distance": 17314.225775292765
      },
      "W": {
        "name": "Municipal District of Killarney",
        "distance": 5127.0273708721525
      }
    }
  },
  {
    "name": "Municipal District of Ballymahon",
    "lat": 614383.07,
    "long": 763763.3,
    "within": "LONGFORD",
    "direction": {
      "E": {
        "name": "Municipal District of Lifford - Stranorlar",
        "distance": 2285.0304610623816
      },
      "S": {
        "name": "Municipal District of Ballinasloe",
        "distance": 1954.3862057409958
      },
      "W": {
        "name": "Municipal District of Killarney",
        "distance": 2532.573475511667
      },
      "N": {
        "name": "Municipal District of Laytown - Bettystown",
        "distance": 1980.4359003394884
      }
    }
  },
  {
    "name": "Municipal District of West Cork",
    "lat": 494123.86,
    "long": 542761.23,
    "within": "CORK",
    "direction": {
      "E": {
        "name": "Municipal District of Tullamore",
        "distance": 1937.695891757509
      },
      "N": {
        "name": "Municipal District of Athy",
        "distance": 373.1536036856558
      },
      "W": {
        "name": "Borough District of Sligo",
        "distance": 7106.007204085261
      }
    }
  },
  {
    "name": "Municipal District of Ballymote-Tobercurry",
    "lat": 557897.46,
    "long": 817604.05,
    "within": "SLIGO",
    "direction": {
      "E": {
        "name": "Municipal District of Glenties",
        "distance": 1353.6740527793384
      },
      "W": {
        "name": "Metropolitan District of Waterford City",
        "distance": 252.68333600007438
      },
      "S": {
        "name": "Municipal District of Ballina",
        "distance": 2974.894259899493
      },
      "N": {
        "name": "Municipal District of Ardee",
        "distance": 1354.950457516496
      }
    }
  },
  {
    "name": "Municipal District of Kildare-Newbridge",
    "lat": 674304.42,
    "long": 714541.35,
    "within": "KILDARE",
    "direction": {
      "E": {
        "name": "Municipal District of Letterkenny - Milford",
        "distance": 2161.049935374263
      },
      "S": {
        "name": "Municipal District of Conamara",
        "distance": 1284.099428991809
      },
      "N": {
        "name": "Municipal District of Arklow",
        "distance": 3727.003701551194
      },
      "W": {
        "name": "Municipal District of Fermoy",
        "distance": 1612.5862972204204
      }
    }
  },
  {
    "name": "Municipal District of Macroom",
    "lat": 535110,
    "long": 577142.22,
    "within": "CORK",
    "direction": {
      "E": {
        "name": "Municipal District of Ballybay - Clones",
        "distance": 3285.4361445485956
      },
      "S": {
        "name": "Municipal District of Castleisland-Corca Dhuibhne",
        "distance": 9223.827291439638
      },
      "N": {
        "name": "Municipal District of Celbridge-Leixlip",
        "distance": 3056.575082899194
      },
      "W": {
        "name": "Borough District of Sligo",
        "distance": 12658.581558799122
      }
    }
  },
  {
    "name": "Municipal District of Ratoath",
    "lat": 696233.81,
    "long": 749103.41,
    "within": "MEATH",
    "direction": {
      "E": {
        "name": "Municipal District of Bailieborough-Cootehill",
        "distance": 2909.5092315522725
      },
      "S": {
        "name": "Municipal District of Conamara",
        "distance": 2315.1669810509175
      },
      "W": {
        "name": "Municipal District of Greystones",
        "distance": 2295.504264052167
      }
    }
  },
  {
    "name": "Borough District of Sligo",
    "lat": 0,
    "long": 0,
    "within": "SLIGO",
    "direction": {
      "E": {
        "name": "Municipal District of Boyle",
        "distance": 705.5329465365872
      },
      "N": {
        "name": "Municipal District of Gorey-Kilmuckridge",
        "distance": 4104.858715549502
      }
    }
  },
  {
    "name": "Municipal District of Carlow",
    "lat": 674919.4,
    "long": 676215.85,
    "within": "CARLOW",
    "direction": {
      "E": {
        "name": "Municipal District of Glenties",
        "distance": 1045.8172031108725
      },
      "S": {
        "name": "Municipal District of Portlaoise",
        "distance": 933.4586126695446
      },
      "N": {
        "name": "Municipal District of Greystones",
        "distance": 8162.409683161244
      },
      "W": {
        "name": "Municipal District of Comeragh",
        "distance": 1628.397723469265
      }
    }
  },
  {
    "name": "Municipal District of Bailieborough-Cootehill",
    "lat": 661329.76,
    "long": 804522.6,
    "within": "CAVAN",
    "direction": {
      "E": {
        "name": "Municipal District of Ballybay - Clones",
        "distance": 1772.60789917062
      },
      "S": {
        "name": "Municipal District of Conamara",
        "distance": 2722.473576292535
      },
      "W": {
        "name": "Municipal District of Arklow",
        "distance": 1407.0097110508125
      },
      "N": {
        "name": "Borough District of Drogheda",
        "distance": 9010.948703121325
      }
    }
  },
  {
    "name": "Municipal District of Granard",
    "lat": 627332.72,
    "long": 784973.11,
    "within": "LONGFORD",
    "direction": {
      "E": {
        "name": "Municipal District of Lifford - Stranorlar",
        "distance": 3833.0742710879904
      },
      "S": {
        "name": "Municipal District of Ballinasloe",
        "distance": 1957.9993252750464
      },
      "W": {
        "name": "Municipal District of Tralee",
        "distance": 2667.411630831855
      },
      "N": {
        "name": "Municipal District of Laytown - Bettystown",
        "distance": 3936.1151655018966
      }
    }
  },
  {
    "name": "Municipal District of Portlaoise",
    "lat": 646834.75,
    "long": 693199,
    "within": "LAOIS",
    "direction": {
      "E": {
        "name": "Municipal District of Glenties",
        "distance": 491.71264250634033
      },
      "S": {
        "name": "Municipal District of Thurles",
        "distance": 1436.8181196084217
      },
      "N": {
        "name": "Municipal District of Carlow",
        "distance": 933.4586126695446
      },
      "W": {
        "name": "Metropolitan District of Waterford City",
        "distance": 1089.0151902014145
      }
    }
  },
  {
    "name": "Municipal District of Lifford - Stranorlar",
    "lat": 615123.4,
    "long": 898758.19,
    "within": "DONEGAL",
    "direction": {
      "E": {
        "name": "Municipal District of Inishowen",
        "distance": 1309.365271690708
      },
      "W": {
        "name": "Municipal District of Laytown - Bettystown",
        "distance": 514.6051486887835
      },
      "S": {
        "name": "Municipal District of Ballina",
        "distance": 2459.2848692483994
      },
      "N": {
        "name": "Municipal District of Dundalk",
        "distance": 11637.748980085858
      }
    }
  },
  {
    "name": "Municipal District of Killarney",
    "lat": 503155.02,
    "long": 589193.34,
    "within": "KERRY",
    "direction": {
      "E": {
        "name": "Municipal District of Tuam",
        "distance": 1601.2969519118951
      },
      "S": {
        "name": "Municipal District of Kenmare",
        "distance": 8520.102256971968
      },
      "N": {
        "name": "Municipal District of Laytown - Bettystown",
        "distance": 1703.919761190639
      },
      "W": {
        "name": "Municipal District of West Cork",
        "distance": 3526.5760597461617
      }
    }
  },
  {
    "name": "Municipal District of Ballybay - Clones",
    "lat": 662209.11,
    "long": 820886.44,
    "within": "MONAGHAN",
    "direction": {
      "E": {
        "name": "Municipal District of Letterkenny - Milford",
        "distance": 5215.872936113361
      },
      "S": {
        "name": "Municipal District of Conamara",
        "distance": 4436.531716602794
      },
      "W": {
        "name": "Municipal District of Bailieborough-Cootehill",
        "distance": 1772.60789917062
      },
      "N": {
        "name": "Borough District of Drogheda",
        "distance": 9616.764142672286
      }
    }
  },
  {
    "name": "Municipal District of Claremorris - Swinford",
    "lat": 535827.61,
    "long": 778851.31,
    "within": "MAYO",
    "direction": {
      "E": {
        "name": "Municipal District of Letterkenny - Milford",
        "distance": 4153.233907442706
      },
      "W": {
        "name": "Municipal District of Callan-Thomastown",
        "distance": 2722.8164362176776
      },
      "N": {
        "name": "Municipal District of Naas",
        "distance": 1095.6607340106598
      },
      "S": {
        "name": "Municipal District of Conamara",
        "distance": 4889.928935041887
      }
    }
  },
  {
    "name": "Municipal District of Castlecomer",
    "lat": 645580.58,
    "long": 665664.67,
    "within": "KILKENNY",
    "direction": {
      "E": {
        "name": "Municipal District of Ballinamore",
        "distance": 296.23455211951836
      },
      "S": {
        "name": "Metropolitan District of Limerick City",
        "distance": 723.3683347284156
      },
      "N": {
        "name": "Municipal District of Bray",
        "distance": 996.0671855041636
      },
      "W": {
        "name": "Municipal District of Dungarvan-Lismore",
        "distance": 3466.297302098555
      }
    }
  },
  {
    "name": "Municipal District of Cappamore-Kilmallock",
    "lat": 568291.39,
    "long": 637511.5,
    "within": "LIMERICK",
    "direction": {
      "E": {
        "name": "Municipal District of Edenderry",
        "distance": 1532.0580249306922
      },
      "S": {
        "name": "Municipal District of Adare-Rathkeale",
        "distance": 5865.288339749485
      },
      "N": {
        "name": "Municipal District of Kilkenny City",
        "distance": 1440.6798067062402
      },
      "W": {
        "name": "Municipal District of West Cork",
        "distance": 6861.779392745382
      }
    }
  },
  {
    "name": "Municipal District of Rosslare",
    "lat": 698303.15,
    "long": 609281.14,
    "within": "WEXFORD",
    "direction": {
      "E": {
        "name": "Municipal District of Clane-Maynooth",
        "distance": 566.5903034792793
      },
      "S": {
        "name": "Municipal District of Thurles",
        "distance": 634.3681732246365
      }
    }
  },
  {
    "name": "Municipal District of Glenties",
    "lat": 585270.37,
    "long": 914985.09,
    "within": "DONEGAL",
    "direction": {
      "N": {
        "name": "Municipal District of Inishowen",
        "distance": 2039.783266641928
      },
      "W": {
        "name": "Municipal District of Ardee",
        "distance": 32.59478434673826
      }
    }
  },
  {
    "name": "Municipal District of Killaloe",
    "lat": 558467.99,
    "long": 681077.5,
    "within": "CLARE",
    "direction": {
      "E": {
        "name": "Municipal District of Athlone",
        "distance": 154.98291493951834
      },
      "S": {
        "name": "Municipal District of Ennis",
        "distance": 2260.4063144238053
      },
      "N": {
        "name": "Municipal District of Bray",
        "distance": 996.4792922225013
      },
      "W": {
        "name": "Municipal District of Dungarvan-Lismore",
        "distance": 1607.6187912484204
      }
    }
  },
  {
    "name": "Metropolitan District of Limerick City",
    "lat": 557719.28,
    "long": 657240.41,
    "within": "LIMERICK",
    "direction": {
      "E": {
        "name": "Municipal District of Ballinamore",
        "distance": 789.3797828065342
      },
      "S": {
        "name": "Municipal District of Listowel",
        "distance": 783.4069880068449
      },
      "N": {
        "name": "Municipal District of Castlecomer",
        "distance": 723.3683347284156
      },
      "W": {
        "name": "Municipal District of East Cork",
        "distance": 3836.1891023121134
      }
    }
  },
  {
    "name": "Municipal District of Carrick-on-Shannon",
    "lat": 603739.27,
    "long": 797046.82,
    "within": "LEITRIM",
    "direction": {
      "E": {
        "name": "Municipal District of Letterkenny - Milford",
        "distance": 6262.025633093666
      },
      "W": {
        "name": "Municipal District of Athenry",
        "distance": 1020.598185927213
      },
      "S": {
        "name": "Municipal District of Claremorris - Swinford",
        "distance": 2126.045520454428
      },
      "N": {
        "name": "Municipal District of Naas",
        "distance": 1961.081816339499
      }
    }
  },
  {
    "name": "Municipal District of Dungarvan-Lismore",
    "lat": 611340.31,
    "long": 595195.77,
    "within": "WATERFORD",
    "direction": {
      "E": {
        "name": "Municipal District of Ashbourne",
        "distance": 1491.376143243004
      },
      "S": {
        "name": "Municipal District of Listowel",
        "distance": 3714.548694487974
      },
      "N": {
        "name": "Municipal District Wicklow",
        "distance": 3334.2886425588413
      },
      "W": {
        "name": "Municipal District of East Cork",
        "distance": 2356.038056480367
      }
    }
  },

  {
    "name": "Municipal District of Cavan-Belturbet",
    "lat": 622293.1,
    "long": 819038.81,
    "within": "CAVAN",
    "direction": {
      "E": {
        "name": "Municipal District of Glenties",
        "distance": 6288.0704799676905
      },
      "W": {
        "name": "Municipal District of Tullow",
        "distance": 2707.320254985477
      },
      "S": {
        "name": "Municipal District of Sligo-Drumcliff",
        "distance": 2129.077769662391
      },
      "N": {
        "name": "Municipal District of Ardee",
        "distance": 6291.984712517979
      }
    }
  },
  {
    "name": "Municipal District of Ballinamore",
    "lat": 610641.91,
    "long": 808758.79,
    "within": "LEITRIM",
    "direction": {
      "E": {
        "name": "Municipal District of Donegal",
        "distance": 3584.9139687873603
      },
      "W": {
        "name": "Municipal District of Castlecomer",
        "distance": 296.23455211951836
      },
      "S": {
        "name": "Municipal District of Westport - Belmullet",
        "distance": 2096.976621981209
      },
      "N": {
        "name": "Municipal District of Bray",
        "distance": 795.8111637237662
      }
    }
  },
  {
    "name": "Municipal District of Kilkenny City",
    "lat": 649302.06,
    "long": 658022.3,
    "within": "KILKENNY",
    "direction": {
      "E": {
        "name": "Municipal District of Edenderry",
        "distance": 478.15691462616763
      },
      "S": {
        "name": "Municipal District of Cappamore-Kilmallock",
        "distance": 1440.6798067062402
      },
      "N": {
        "name": "Municipal District of Enniscorthy",
        "distance": 2502.0582948598912
      },
      "W": {
        "name": "Municipal District of New Ross",
        "distance": 1484.6040883700102
      }
    }
  },
  {
    "name": "Municipal District of Kanturk - Mallow",
    "lat": 538564.17,
    "long": 603930.98,
    "within": "CORK",
    "direction": {
      "E": {
        "name": "Municipal District of Sligo-Drumcliff",
        "distance": 2338.4948786057234
      },
      "S": {
        "name": "Municipal District of Castleisland-Corca Dhuibhne",
        "distance": 7523.630678837506
      },
      "N": {
        "name": "Municipal District of Tullow",
        "distance": 3339.134722759628
      },
      "W": {
        "name": "Municipal District of Macroom",
        "distance": 4361.146170448603
      }
    }
  },
  {
    "name": "Municipal District of Carrigaline",
    "lat": 568369.58,
    "long": 561595.37,
    "within": "CORK",
    "direction": {
      "E": {
        "name": "Municipal District of Lifford - Stranorlar",
        "distance": 1252.210827321254
      },
      "S": {
        "name": "Municipal District of Tralee",
        "distance": 2447.7338121325843
      },
      "N": {
        "name": "Municipal District of Rosslare",
        "distance": 1450.9989592893915
      }
    }
  },
  {
    "name": "Municipal District of Tuam",
    "lat": 537051.25,
    "long": 753542.8,
    "within": "GALWAY",
    "direction": {
      "E": {
        "name": "Municipal District of Inishowen",
        "distance": 925.5448850945508
      },
      "W": {
        "name": "Municipal District of West Clare",
        "distance": 1389.0177548413758
      },
      "N": {
        "name": "Municipal District of Borris-in-Ossory-Mountmellick",
        "distance": 875.1966805110495
      },
      "S": {
        "name": "Municipal District of Conamara",
        "distance": 12505.884473060003
      }
    }
  },
  {
    "name": "Municipal District of Baltinglass",
    "lat": 696952.59,
    "long": 690738.1,
    "within": "WICKLOW",
    "direction": {
      "E": {
        "name": "Municipal District of Ballybay - Clones",
        "distance": 2235.1045826923387
      },
      "S": {
        "name": "Municipal District of Macroom",
        "distance": 4493.723842223717
      },
      "N": {
        "name": "Municipal District of Arklow",
        "distance": 2616.3815260079664
      },
      "W": {
        "name": "Municipal District of Piltown",
        "distance": 2144.095101280698
      }
    }
  },
{
    "name": "Municipal District of Donegal",
    "lat": 582970.28,
    "long": 875183.96,
    "within": "DONEGAL",
    "direction": {
      "N": {
        "name": "Municipal District of Ashbourne",
        "distance": 6221.091754444272
      },
      "W": {
        "name": "Municipal District of Newcastle West",
        "distance": 2172.1449232440696
      },
      "S": {
        "name": "Municipal District of Westport - Belmullet",
        "distance": 5679.0017528571625
      },
      "E": {
        "name": "Municipal District of Letterkenny - Milford",
        "distance": 7159.309174642594
      }
    }
  }
]