[
  {
    "name": "BALLYBAY-CLONES LEA-5",
    "lat": 662209.11,
    "long": 820886.44,
    "within": "Monaghan",
    "direction": {
      "W": {
        "name": "BAILIEBOROUGH - COOTEHILL LEA-6",
        "distance": 1772.60789917062
      },
      "S": {
        "name": "SLIGO-DRUMCLIFF LEA-5",
        "distance": 5687.764795272035
      },
      "N": {
        "name": "DROGHEDA URBAN LEA-6",
        "distance": 2995.1727796614095
      },
      "E": {
        "name": "MILFORD LEA-3",
        "distance": 6908.434691925666
      }
    }
  },
  {
    "name": "CLANE LEA-5",
    "lat": 674866.63,
    "long": 733279.17,
    "within": "Kildare",
    "direction": {
      "E": {
        "name": "DUNDALK-CARLINGFORD LEA-6",
        "distance": 698.7807899432366
      },
      "N": {
        "name": "SOUTH WEST INNER CITY LEA-5",
        "distance": 4229.352919889569
      },
      "S": {
        "name": "EDENDERRY LEA-6",
        "distance": 971.2624009195133
      },
      "W": {
        "name": "KILKENNY LEA-7",
        "distance": 1431.4678937762772
      }
    }
  },
  {
    "name": "CAVAN - BELTURBET LEA-6",
    "lat": 622293.1,
    "long": 819038.81,
    "within": "Cavan",
    "direction": {
      "N": {
        "name": "PEMBROKE LEA-5",
        "distance": 3865.3351917013642
      },
      "W": {
        "name": "LISMORE LEA-3",
        "distance": 1782.7634766348679
      },
      "S": {
        "name": "SLIGO-DRUMCLIFF LEA-5",
        "distance": 2129.077769662391
      },
      "E": {
        "name": "MILFORD LEA-3",
        "distance": 290.4250741905768
      }
    }
  },
  {
    "name": "TALLAGHT CENTRAL LEA-6",
    "lat": 708602.09,
    "long": 728308.34,
    "within": "Dublin",
    "direction": {
      "E": {
        "name": "DONEGAL LEA-6",
        "distance": 954.8008960726306
      },
      "S": {
        "name": "MULLINGAR LEA-6",
        "distance": 1776.9690279598988
      },
      "N": {
        "name": "STILLORGAN LEA-6",
        "distance": 2364.8875225483484
      },
      "W": {
        "name": "BRAY WEST LEA-4",
        "distance": 3087.5220792720415
      }
    }
  },
  {
    "name": "MOATE LEA-4",
    "lat": 629172.63,
    "long": 750410.44,
    "within": "Westmeath",
    "direction": {
      "E": {
        "name": "LIFFORD-STRANORLAR LEA-6",
        "distance": 1520.3715448630128
      },
      "N": {
        "name": "DROGHEDA RURAL LEA-4",
        "distance": 1060.19871288876
      },
      "W": {
        "name": "CARRIGALINE LEA-6",
        "distance": 300.835209394151
      },
      "S": {
        "name": "BALLINA LEA-6",
        "distance": 1103.9752478624862
      }
    }
  },
  {
    "name": "NENAGH LEA-5",
    "lat": 591300.27,
    "long": 694071.03,
    "within": "Tipperary",
    "direction": {
      "E": {
        "name": "MANORHAMILTON LEA-6",
        "distance": 2318.9662100182823
      },
      "N": {
        "name": "MUINEBEAG LEA-5",
        "distance": 823.2849468278084
      },
      "W": {
        "name": "CORK CITY NORTH WEST LEA-6",
        "distance": 3150.0531210332674
      },
      "S": {
        "name": "ENNISTIMON LEA-4",
        "distance": 2725.965292484048
      }
    }
  },
  {
    "name": "DUNDALK-CARLINGFORD LEA-6",
    "lat": 711228.46,
    "long": 812110.26,
    "within": "Louth",
    "direction": {
      "S": {
        "name": "CONAMARA SOUTH LEA-5",
        "distance": 2052.2870830559464
      },
      "W": {
        "name": "EDENDERRY LEA-6",
        "distance": 487.92493941183034
      },
      "E": {
        "name": "CARNDONAGH LEA-4",
        "distance": 7292.048512240573
      }
    }
  },
  {
    "name": "BALLYFERMOT-DRIMNAGH LEA-5",
    "lat": 709963.71,
    "long": 732999.97,
    "within": "Dublin",
    "direction": {
      "E": {
        "name": "BUNCRANA LEA-5",
        "distance": 595.3811172437578
      },
      "S": {
        "name": "GALWAY CITY WEST LEA-6",
        "distance": 1985.5969753904342
      },
      "W": {
        "name": "CARRICK-ON-SUIR  LEA-5",
        "distance": 318.8173875405754
      },
      "N": {
        "name": "DUNDRUM LEA-7",
        "distance": 1765.9623854720269
      }
    }
  },
  {
    "name": "DUNDRUM LEA-7",
    "lat": 716791.52,
    "long": 728307.05,
    "within": "Dublin",
    "direction": {
      "E": {
        "name": "BUNCRANA LEA-5",
        "distance": 2064.7449714512973
      },
      "S": {
        "name": "KILRUSH LEA-5",
        "distance": 735.1468658969849
      },
      "N": {
        "name": "KILLINEY-SHANKILL LEA-7",
        "distance": 527.5165583706018
      },
      "W": {
        "name": "CLONMEL LEA-6",
        "distance": 1643.4095194623021
      }
    }
  },
  {
    "name": "HOWTH-MALAHIDE LEA-7",
    "lat": 724036.23,
    "long": 741866.48,
    "within": "Dublin",
    "direction": {
      "E": {
        "name": "BALBRIGGAN LEA-5",
        "distance": 454.3739819134713
      },
      "S": {
        "name": "GALWAY CITY CENTRAL LEA-6",
        "distance": 394.0023264459064
      },
      "W": {
        "name": "KILMUCKRIDGE LEA-4",
        "distance": 1370.5803273655508
      }
    }
  },
  {
    "name": "PALMERSTOWN-FONTHILL LEA-5",
    "lat": 706982.84,
    "long": 734272.97,
    "within": "Dublin",
    "direction": {
      "E": {
        "name": "CARNDONAGH LEA-4",
        "distance": 2425.267162544127
      },
      "S": {
        "name": "NEWBRIDGE LEA-6",
        "distance": 1608.1685153877665
      },
      "W": {
        "name": "CORK CITY SOUTH CENTRAL LEA-6",
        "distance": 2631.940150059398
      },
      "N": {
        "name": "PEMBROKE LEA-5",
        "distance": 1348.2736187698629
      }
    }
  },
  {
    "name": "BLANCHARDSTOWN-MULHUDDART LEA-5",
    "lat": 709686.84,
    "long": 742410.84,
    "within": "Dublin",
    "direction": {
      "E": {
        "name": "BALBRIGGAN LEA-5",
        "distance": 2993.9486264804646
      },
      "S": {
        "name": "GALWAY CITY CENTRAL LEA-6",
        "distance": 2809.9415240721723
      },
      "W": {
        "name": "WATERFORD CITY SOUTH LEA-6",
        "distance": 581.9135301670877
      },
      "N": {
        "name": "HOWTH-MALAHIDE LEA-7",
        "distance": 2572.780997493948
      }
    }
  },
  {
    "name": "STILLORGAN LEA-6",
    "lat": 720118.68,
    "long": 727546.07,
    "within": "Dublin",
    "direction": {
      "E": {
        "name": "SOUTH EAST INNER CITY LEA-5",
        "distance": 1654.046314051147
      },
      "S": {
        "name": "ATHLONE LEA-5",
        "distance": 996.5349476891802
      },
      "W": {
        "name": "BRAY WEST LEA-4",
        "distance": 2158.9521431155686
      },
      "N": {
        "name": "BLACKROCK LEA-6",
        "distance": 7767.91054041554
      }
    }
  },
  {
    "name": "SOUTH EAST INNER CITY LEA-5",
    "lat": 718993.18,
    "long": 733461.93,
    "within": "Dublin",
    "direction": {
      "E": {
        "name": "BALLYMUN-FINGLAS LEA-6",
        "distance": 1157.8647262660193
      },
      "S": {
        "name": "KILLALOE LEA-5",
        "distance": 196.53787426194577
      },
      "W": {
        "name": "BRAY WEST LEA-4",
        "distance": 833.1972356780748
      }
    }
  },
  {
    "name": "NORTH INNER CITY LEA-7",
    "lat": 716931.72,
    "long": 735470.41,
    "within": "Dublin",
    "direction": {
      "E": {
        "name": "DUNDALK SOUTH LEA-7",
        "distance": 4261.384417797173
      },
      "S": {
        "name": "NENAGH LEA-5",
        "distance": 953.4953500001685
      },
      "W": {
        "name": "MUINEBEAG LEA-5",
        "distance": 1530.0704352312423
      },
      "N": {
        "name": "SOUTH EAST INNER CITY LEA-5",
        "distance": 7460.598723539752
      }
    }
  },
  {
    "name": "BELMULLET-LEA-3",
    "lat": 476642.9,
    "long": 819846.11,
    "within": "Mayo",
    "direction": {
      "N": {
        "name": "FIRHOUSE-BOHERNABREENA LEA-5",
        "distance": 1364.454816725245
      },
      "W": {
        "name": "CASHEL-TIPPERARY LEA-7",
        "distance": 1563.915260297666
      }
    }
  },
  {
    "name": "SOUTH WEST INNER CITY LEA-5",
    "lat": 713151.29,
    "long": 733455.89,
    "within": "Dublin",
    "direction": {
      "E": {
        "name": "DUNDALK-CARLINGFORD LEA-6",
        "distance": 4452.807062797877
      },
      "S": {
        "name": "CASHEL-TIPPERARY LEA-7",
        "distance": 1174.3554164074965
      },
      "W": {
        "name": "FIRHOUSE-BOHERNABREENA LEA-5",
        "distance": 2848.5024625749174
      },
      "N": {
        "name": "NORTH INNER CITY LEA-7",
        "distance": 4266.7556656086235
      }
    }
  },
  {
    "name": "CARRIGALINE LEA-6",
    "lat": 568369.58,
    "long": 561595.37,
    "within": "Cork",
    "direction": {
      "E": {
        "name": "MOATE LEA-4",
        "distance": 300.835209394151
      },
      "S": {
        "name": "TRALEE LEA-7",
        "distance": 2447.7338121325843
      },
      "N": {
        "name": "ROSSLARE LEA-5",
        "distance": 1450.9989592893915
      }
    }
  },
  {
    "name": "CASTLECOMER LEA-6",
    "lat": 645580.58,
    "long": 665664.67,
    "within": "Kilkenny",
    "direction": {
      "E": {
        "name": "BALLINAMORE-LEA-6",
        "distance": 296.23455211951836
      },
      "N": {
        "name": "BRAY WEST LEA-4",
        "distance": 996.0671855041636
      },
      "S": {
        "name": "ENNIS LEA-7",
        "distance": 1016.9318350991415
      },
      "W": {
        "name": "CORK CITY NORTH EAST LEA-6",
        "distance": 2915.239393095978
      }
    }
  },
  {
    "name": "RUSH-LUSK LEA-5",
    "lat": 718305.35,
    "long": 756373.34,
    "within": "Dublin",
    "direction": {
      "E": {
        "name": "BALBRIGGAN LEA-5",
        "distance": 1535.4416605249114
      },
      "S": {
        "name": "BANTRY-WEST CORK LEA-4",
        "distance": 632.6911867607956
      },
      "W": {
        "name": "CASTLECOMER LEA-6",
        "distance": 598.7842471370153
      }
    }
  },
  {
    "name": "CLAREMORRIS LEA-6",
    "lat": 532050.17,
    "long": 767934.34,
    "within": "Mayo",
    "direction": {
      "N": {
        "name": "KILDARE LEA-5",
        "distance": 1221.13414352508
      },
      "W": {
        "name": "BANDON - KINSALE LEA-6",
        "distance": 2418.9571032305244
      },
      "S": {
        "name": "WESTPORT LEA-4",
        "distance": 6225.577656416993
      },
      "E": {
        "name": "LIFFORD-STRANORLAR LEA-6",
        "distance": 4524.184268145371
      }
    }
  },
  {
    "name": "KILLARNEY LEA-7",
    "lat": 503155.02,
    "long": 589193.34,
    "within": "Kerry",
    "direction": {
      "E": {
        "name": "TUAM LEA-7",
        "distance": 1601.2969519118951
      },
      "N": {
        "name": "TRAMORE-WATERFORD CITY WEST LEA-6",
        "distance": 1345.0619695207931
      },
      "W": {
        "name": "SKIBBEREEN-WEST CORK LEA-5",
        "distance": 6641.6275007253935
      },
      "S": {
        "name": "CORCA DHUIBHNE LEA-3",
        "distance": 8289.498190263666
      }
    }
  },
  {
    "name": "TRAMORE-WATERFORD CITY WEST LEA-6",
    "lat": 656519.98,
    "long": 606134,
    "within": "Waterford",
    "direction": {
      "E": {
        "name": "TUAM LEA-7",
        "distance": 1110.5639285443708
      },
      "S": {
        "name": "KILLARNEY LEA-7",
        "distance": 1345.0619695207931
      },
      "N": {
        "name": "NEW ROSS LEA-6",
        "distance": 2326.9861443186574
      }
    }
  },
  {
    "name": "ATHENRY-ORANMORE LEA-7",
    "lat": 546132.73,
    "long": 730155.14,
    "within": "Galway",
    "direction": {
      "N": {
        "name": "LONGFORD LEA-7",
        "distance": 1915.8878039692634
      },
      "E": {
        "name": "SWINFORD LEA-4",
        "distance": 3729.910930109243
      },
      "W": {
        "name": "SKIBBEREEN-WEST CORK LEA-5",
        "distance": 2362.5230677980912
      },
      "S": {
        "name": "GALWAY CITY EAST LEA-6",
        "distance": 2556.302909762376
      }
    }
  },
  {
    "name": "CORK CITY NORTH EAST LEA-6",
    "lat": 570350,
    "long": 575909.68,
    "within": "Cork",
    "direction": {
      "E": {
        "name": "LUCAN LEA-5",
        "distance": 432.4426694675624
      },
      "W": {
        "name": "CORK CITY SOUTH EAST LEA-6",
        "distance": 6506.113432499359
      },
      "S": {
        "name": "LISTOWEL LEA-6",
        "distance": 2696.782140688475
      },
      "N": {
        "name": "MIDLETON LEA-7",
        "distance": 943.4187404479354
      }
    }
  },
  {
    "name": "KELLS LEA-7",
    "lat": 667959.2,
    "long": 778248.66,
    "within": "Meath",
    "direction": {
      "E": {
        "name": "CARRICKMACROSS-CASTLEBLAYNEY LEA-6",
        "distance": 4509.517529147973
      },
      "W": {
        "name": "FIRHOUSE-BOHERNABREENA LEA-5",
        "distance": 1990.3154903630048
      },
      "S": {
        "name": "WESTPORT LEA-4",
        "distance": 1979.0592956380306
      },
      "N": {
        "name": "SOUTH WEST INNER CITY LEA-5",
        "distance": 4431.120089599136
      }
    }
  },
  {
    "name": "GOREY LEA-6",
    "lat": 711915.52,
    "long": 661558.41,
    "within": "Wexford",
    "direction": {
      "E": {
        "name": "LONGFORD LEA-7",
        "distance": 2239.0455250567793
      },
      "S": {
        "name": "ATHY LEA-5",
        "distance": 648.7878836203408
      },
      "W": {
        "name": "TRAMORE-WATERFORD CITY WEST LEA-6",
        "distance": 5104.636583417657
      }
    }
  },
  {
    "name": "GORT-KINVARA LEA-5",
    "lat": 546619.92,
    "long": 707951.16,
    "within": "Galway",
    "direction": {
      "N": {
        "name": "BLACKROCK LEA-6",
        "distance": 795.5129462774222
      },
      "E": {
        "name": "CARRICK-ON-SHANNON LEA-6",
        "distance": 2351.5647295877807
      },
      "W": {
        "name": "CORK CITY SOUTH EAST LEA-6",
        "distance": 2416.8630170023066
      },
      "S": {
        "name": "KILRUSH LEA-5",
        "distance": 1311.6065821817222
      }
    }
  },
  {
    "name": "CLONDALKIN LEA-7",
    "lat": 702818.86,
    "long": 726627.14,
    "within": "Dublin",
    "direction": {
      "E": {
        "name": "BALBRIGGAN LEA-5",
        "distance": 1268.65547552264
      },
      "S": {
        "name": "CONAMARA NORTH LEA-4",
        "distance": 579.2397969951293
      },
      "N": {
        "name": "HOWTH-MALAHIDE LEA-7",
        "distance": 1350.4389870901073
      },
      "W": {
        "name": "WICKLOW LEA-6",
        "distance": 842.5384038404496
      }
    }
  },
  {
    "name": "BIRR LEA-6",
    "lat": 611040.21,
    "long": 706125.44,
    "within": "Offaly",
    "direction": {
      "E": {
        "name": "MONAGHAN LEA-7",
        "distance": 3127.6779970468638
      },
      "N": {
        "name": "TALLAGHT SOUTH LEA-5",
        "distance": 1791.774266485435
      },
      "S": {
        "name": "GORT-KINVARA LEA-5",
        "distance": 2826.2355326128563
      },
      "W": {
        "name": "CALLAN-THOMASTOWN LEA-6",
        "distance": 1187.6380166531105
      }
    }
  },
  {
    "name": "BRAY EAST LEA-4",
    "lat": 726645.73,
    "long": 718232.55,
    "within": "Wicklow",
    "direction": {
      "E": {
        "name": "DONEGAL LEA-6",
        "distance": 4019.6841881277624
      },
      "S": {
        "name": "MAYNOOTH LEA-5",
        "distance": 2368.840327852787
      },
      "W": {
        "name": "LISMORE LEA-3",
        "distance": 3592.7778513321923
      }
    }
  },
  {
    "name": "KILKENNY LEA-7",
    "lat": 649302.06,
    "long": 658022.3,
    "within": "Kilkenny",
    "direction": {
      "E": {
        "name": "EDENDERRY LEA-6",
        "distance": 478.15691462616763
      },
      "S": {
        "name": "CAPPAMORE-KILMALLOCK LEA-7",
        "distance": 1440.6798067062402
      },
      "N": {
        "name": "ENNISCORTHY LEA-6",
        "distance": 2502.0582948598912
      },
      "W": {
        "name": "NEW ROSS LEA-6",
        "distance": 1484.6040883700102
      }
    }
  },
  {
    "name": "LONGFORD LEA-7",
    "lat": 613075.51,
    "long": 778755.54,
    "within": "Longford",
    "direction": {
      "N": {
        "name": "CARRICKMACROSS-CASTLEBLAYNEY LEA-6",
        "distance": 4310.305830314974
      },
      "E": {
        "name": "BUNCRANA LEA-5",
        "distance": 5898.593979649131
      },
      "W": {
        "name": "GOREY LEA-6",
        "distance": 2239.0455250567793
      },
      "S": {
        "name": "ATHENRY-ORANMORE LEA-7",
        "distance": 1915.8878039692634
      }
    }
  },
  {
    "name": "MAYNOOTH LEA-5",
    "lat": 689061.56,
    "long": 735671.49,
    "within": "Kildare",
    "direction": {
      "E": {
        "name": "DONEGAL LEA-6",
        "distance": 3318.714245493615
      },
      "S": {
        "name": "TRIM LEA-6",
        "distance": 1341.1906392532476
      },
      "N": {
        "name": "BRAY EAST LEA-4",
        "distance": 2368.840327852787
      },
      "W": {
        "name": "CAHIR LEA-4",
        "distance": 2563.7808896969595
      }
    }
  },
  {
    "name": "EDENDERRY LEA-6",
    "lat": 652184.7,
    "long": 725706.97,
    "within": "Offaly",
    "direction": {
      "E": {
        "name": "DUNDALK-CARLINGFORD LEA-6",
        "distance": 487.92493941183034
      },
      "N": {
        "name": "CLANE LEA-5",
        "distance": 971.2624009195133
      },
      "S": {
        "name": "CONAMARA SOUTH LEA-5",
        "distance": 2448.5855279925677
      },
      "W": {
        "name": "KILKENNY LEA-7",
        "distance": 478.15691462616763
      }
    }
  },
  {
    "name": "DROGHEDA URBAN LEA-6",
    "lat": 708865.49,
    "long": 775010.36,
    "within": "Louth",
    "direction": {
      "S": {
        "name": "NEWPORT LEA-4",
        "distance": 1062.7861633784769
      },
      "W": {
        "name": "FERMOY LEA-6",
        "distance": 1328.2425725053372
      },
      "E": {
        "name": "MONAGHAN LEA-7",
        "distance": 4588.453835115556
      }
    }
  },
  {
    "name": "PORTLAOISE LEA-7",
    "lat": 646834.75,
    "long": 693199,
    "within": "Laois",
    "direction": {
      "E": {
        "name": "GLENTIES LEA-6",
        "distance": 491.71264250634033
      },
      "N": {
        "name": "DONAGHMEDE LEA-5",
        "distance": 546.1416550115963
      },
      "S": {
        "name": "LIMERICK CITY NORTH LEA-7",
        "distance": 1359.291674631167
      },
      "W": {
        "name": "WATERFORD CITY EAST LEA-6",
        "distance": 805.367873575729
      }
    }
  },
  {
    "name": "BALBRIGGAN LEA-5",
    "lat": 722239.55,
    "long": 760935.01,
    "within": "Dublin",
    "direction": {
      "S": {
        "name": "GALWAY CITY CENTRAL LEA-6",
        "distance": 243.9726529844868
      },
      "W": {
        "name": "HOWTH-MALAHIDE LEA-7",
        "distance": 454.3739819134713
      },
      "E": {
        "name": "DROGHEDA URBAN LEA-6",
        "distance": 6247.610049835003
      }
    }
  },
  {
    "name": "TULLOW LEA-6",
    "lat": 687073.85,
    "long": 669295.18,
    "within": "Carlow",
    "direction": {
      "E": {
        "name": "SLIGO-DRUMCLIFF LEA-5",
        "distance": 1482.0231692785528
      },
      "S": {
        "name": "CORK CITY SOUTH WEST LEA-7",
        "distance": 434.23547293652314
      },
      "W": {
        "name": "PILTOWN LEA-5",
        "distance": 4491.487697461888
      },
      "N": {
        "name": "ARKLOW LEA-6",
        "distance": 5207.493174733728
      }
    }
  },
  {
    "name": "CONAMARA SOUTH LEA-5",
    "lat": 502790.93,
    "long": 719258.71,
    "within": "Galway",
    "direction": {
      "N": {
        "name": "CLANE LEA-5",
        "distance": 1504.6329514144422
      },
      "E": {
        "name": "LETTERKENNY LEA-7",
        "distance": 2462.0229826299383
      },
      "W": {
        "name": "MALLOW LEA-5",
        "distance": 2146.880837676705
      }
    }
  },
  {
    "name": "ARKLOW LEA-6",
    "lat": 716397.18,
    "long": 682481.27,
    "within": "Wicklow",
    "direction": {
      "E": {
        "name": "BAILIEBOROUGH - COOTEHILL LEA-6",
        "distance": 1407.0097110508125
      },
      "S": {
        "name": "PILTOWN LEA-5",
        "distance": 1266.3768496755745
      },
      "W": {
        "name": "WATERFORD CITY SOUTH LEA-6",
        "distance": 6862.1999282461
      }
    }
  },
  {
    "name": "LEIXLIP LEA-3",
    "lat": 699310.66,
    "long": 737035.6,
    "within": "Kildare",
    "direction": {
      "E": {
        "name": "RATOATH LEA-7",
        "distance": 992.5874826166729
      },
      "S": {
        "name": "LIMERICK CITY WEST LEA-7",
        "distance": 3464.11127331694
      },
      "N": {
        "name": "RATHFARNHAM-TEMPLEOGUE LEA-7",
        "distance": 1358.05245258079
      },
      "W": {
        "name": "GREYSTONES LEA-6",
        "distance": 1648.4921132875925
      }
    }
  },
  {
    "name": "GRANARD LEA-5",
    "lat": 627332.72,
    "long": 784973.11,
    "within": "Longford",
    "direction": {
      "E": {
        "name": "LIFFORD-STRANORLAR LEA-6",
        "distance": 3833.0742710879904
      },
      "W": {
        "name": "TRALEE LEA-7",
        "distance": 2667.411630831855
      },
      "N": {
        "name": "ONGAR LEA-5",
        "distance": 2656.984754186514
      },
      "S": {
        "name": "BALLINASLOE LEA-6",
        "distance": 1957.9993252750464
      }
    }
  },
  {
    "name": "DUNDALK SOUTH LEA-7",
    "lat": 700409.83,
    "long": 804594.49,
    "within": "Louth",
    "direction": {
      "S": {
        "name": "CONAMARA SOUTH LEA-5",
        "distance": 2688.2214654247405
      },
      "W": {
        "name": "MALLOW LEA-5",
        "distance": 1560.98759261531
      },
      "N": {
        "name": "DUNDALK-CARLINGFORD LEA-6",
        "distance": 4262.577478434737
      },
      "E": {
        "name": "MILFORD LEA-3",
        "distance": 4424.745146791755
      }
    }
  },
  {
    "name": "SKIBBEREEN-WEST CORK LEA-5",
    "lat": 518935.33,
    "long": 542035.24,
    "within": "Cork",
    "direction": {
      "E": {
        "name": "GALWAY CITY EAST LEA-6",
        "distance": 2225.566604264434
      },
      "N": {
        "name": "BANDON - KINSALE LEA-6",
        "distance": 1859.1077195991988
      },
      "S": {
        "name": "KENMARE LEA-6",
        "distance": 7815.860375632402
      }
    }
  },
  {
    "name": "CABRA-GLASNEVIN LEA-7",
    "lat": 712914.67,
    "long": 736091.41,
    "within": "Dublin",
    "direction": {
      "E": {
        "name": "ASHBOURNE LEA-6",
        "distance": 798.9568899585539
      },
      "S": {
        "name": "LOUGHREA LEA-5",
        "distance": 972.4802816368892
      },
      "W": {
        "name": "MIDLETON LEA-7",
        "distance": 132.306025207554
      },
      "N": {
        "name": "ARTANE-WHITEHALL LEA-6",
        "distance": 1322.3736505162938
      }
    }
  },
  {
    "name": "CALLAN-THOMASTOWN LEA-6",
    "lat": 654967.68,
    "long": 640951.68,
    "within": "Kilkenny",
    "direction": {
      "E": {
        "name": "TALLAGHT SOUTH LEA-5",
        "distance": 694.0666571861234
      },
      "S": {
        "name": "CORK CITY SOUTH EAST LEA-6",
        "distance": 1646.0576133598822
      },
      "W": {
        "name": "WATERFORD CITY SOUTH LEA-6",
        "distance": 4058.201164704545
      },
      "N": {
        "name": "WICKLOW LEA-6",
        "distance": 3984.7312768312536
      }
    }
  },
  {
    "name": "NEW ROSS LEA-6",
    "lat": 680272.09,
    "long": 622009.28,
    "within": "Wexford",
    "direction": {
      "E": {
        "name": "NAVAN LEA-7",
        "distance": 1315.1079653871686
      },
      "S": {
        "name": "DUNGARVAN LEA-6",
        "distance": 1289.5789446568508
      },
      "W": {
        "name": "WATERFORD CITY EAST LEA-6",
        "distance": 5047.523064553561
      },
      "N": {
        "name": "ROSSLARE LEA-5",
        "distance": 4719.62697170828
      }
    }
  },
  {
    "name": "CARRICK-ON-SUIR  LEA-5",
    "lat": 626085.6,
    "long": 638323,
    "within": "Tipperary",
    "direction": {
      "E": {
        "name": "BALLYFERMOT-DRIMNAGH LEA-5",
        "distance": 318.8173875405754
      },
      "N": {
        "name": "BLACKROCK LEA-6",
        "distance": 2041.9081486873276
      },
      "W": {
        "name": "MIDLETON LEA-7",
        "distance": 2767.96745582254
      },
      "S": {
        "name": "GALWAY CITY WEST LEA-6",
        "distance": 1731.1338455588193
      }
    }
  },
  {
    "name": "ATHLONE LEA-5",
    "lat": 609541.79,
    "long": 743907.22,
    "within": "Westmeath",
    "direction": {
      "E": {
        "name": "BALLYJAMESDUFF LEA-6",
        "distance": 1614.3071220218535
      },
      "N": {
        "name": "STILLORGAN LEA-6",
        "distance": 996.5349476891802
      },
      "W": {
        "name": "KILLALOE LEA-5",
        "distance": 1209.7330396532213
      },
      "S": {
        "name": "ATHLONE LEA-6",
        "distance": 1351.0767731087126
      }
    }
  },
  {
    "name": "BALLINA LEA-6",
    "lat": 518331.8,
    "long": 824723.56,
    "within": "Mayo",
    "direction": {
      "N": {
        "name": "DROGHEDA RURAL LEA-4",
        "distance": 238.54110723317973
      },
      "W": {
        "name": "CARRIGALINE LEA-6",
        "distance": 1258.7845523216508
      },
      "S": {
        "name": "BELMULLET-LEA-3",
        "distance": 12638.833498548724
      },
      "E": {
        "name": "GLENTIES LEA-6",
        "distance": 2431.1963452452937
      }
    }
  },
  {
    "name": "DONEGAL LEA-6",
    "lat": 582970.28,
    "long": 875183.96,
    "within": "Donegal",
    "direction": {
      "N": {
        "name": "RUSH-LUSK LEA-5",
        "distance": 2816.9562273439037
      },
      "W": {
        "name": "TALLAGHT CENTRAL LEA-6",
        "distance": 954.8008960726306
      },
      "S": {
        "name": "BELMULLET-LEA-3",
        "distance": 8892.888503125092
      },
      "E": {
        "name": "MILFORD LEA-3",
        "distance": 9512.081087752927
      }
    }
  },
  {
    "name": "BALLINASLOE LEA-6",
    "lat": 578110.34,
    "long": 744839.55,
    "within": "Galway",
    "direction": {
      "N": {
        "name": "GLENCULLEN-SANDYFORD LEA-7",
        "distance": 1175.7270513726644
      },
      "E": {
        "name": "LIFFORD-STRANORLAR LEA-6",
        "distance": 1893.6268212548282
      },
      "W": {
        "name": "TRALEE LEA-7",
        "distance": 1937.1686672826563
      },
      "S": {
        "name": "TUAM LEA-7",
        "distance": 3928.025910598385
      }
    }
  },
  {
    "name": "NEWPORT LEA-4",
    "lat": 582500.24,
    "long": 670961.69,
    "within": "Tipperary",
    "direction": {
      "E": {
        "name": "BAILIEBOROUGH - COOTEHILL LEA-6",
        "distance": 1169.7677582808808
      },
      "N": {
        "name": "DROGHEDA URBAN LEA-6",
        "distance": 1062.7861633784769
      },
      "W": {
        "name": "FERMOY LEA-6",
        "distance": 2192.238702924774
      },
      "S": {
        "name": "CASTLEISLAND LEA-4",
        "distance": 4016.588524529341
      }
    }
  },
  {
    "name": "CORK CITY NORTH WEST LEA-6",
    "lat": 561987.61,
    "long": 574725.85,
    "within": "Cork",
    "direction": {
      "E": {
        "name": "CAHIR LEA-4",
        "distance": 408.26947039169806
      },
      "N": {
        "name": "MUINEBEAG LEA-5",
        "distance": 3673.8186597626022
      },
      "W": {
        "name": "CORK CITY SOUTH WEST LEA-7",
        "distance": 8919.859936254976
      },
      "S": {
        "name": "BANTRY-WEST CORK LEA-4",
        "distance": 4863.533619528853
      }
    }
  },
  {
    "name": "FERMOY LEA-6",
    "lat": 577582.83,
    "long": 600953.28,
    "within": "Cork",
    "direction": {
      "E": {
        "name": "DROGHEDA URBAN LEA-6",
        "distance": 1328.2425725053372
      },
      "N": {
        "name": "WATERFORD CITY SOUTH LEA-6",
        "distance": 3020.586438433696
      },
      "W": {
        "name": "CORK CITY SOUTH EAST LEA-6",
        "distance": 4265.355432292127
      },
      "S": {
        "name": "CASTLEISLAND LEA-4",
        "distance": 2475.8876211760385
      }
    }
  },
  {
    "name": "PEMBROKE LEA-5",
    "lat": 717772.16,
    "long": 731740.31,
    "within": "Dublin",
    "direction": {
      "E": {
        "name": "LETTERKENNY LEA-7",
        "distance": 1530.8833973641672
      },
      "S": {
        "name": "NEWBRIDGE LEA-6",
        "distance": 441.4506140677197
      },
      "W": {
        "name": "WATERFORD CITY EAST LEA-6",
        "distance": 1680.6316904327593
      },
      "N": {
        "name": "D\\u00daN LAOGHAIRE LEA-7",
        "distance": 6046.926954424255
      }
    }
  },
  {
    "name": "LUCAN LEA-5",
    "lat": 703153.88,
    "long": 734128.88,
    "within": "Dublin",
    "direction": {
      "E": {
        "name": "ASHBOURNE LEA-6",
        "distance": 1109.6321788205246
      },
      "S": {
        "name": "LOUGHREA LEA-5",
        "distance": 1187.141639299135
      },
      "W": {
        "name": "CORK CITY NORTH EAST LEA-6",
        "distance": 432.4426694675624
      },
      "N": {
        "name": "CLONTARF LEA-6",
        "distance": 1030.8321988071557
      }
    }
  },
  {
    "name": "GREYSTONES LEA-6",
    "lat": 727534.52,
    "long": 707695.74,
    "within": "Wicklow",
    "direction": {
      "E": {
        "name": "RATHFARNHAM-TEMPLEOGUE LEA-7",
        "distance": 981.1895032954201
      },
      "S": {
        "name": "LIMERICK CITY WEST LEA-7",
        "distance": 1824.70188625172
      },
      "W": {
        "name": "PILTOWN LEA-5",
        "distance": 2402.5718513393185
      }
    }
  },
  {
    "name": "RATHFARNHAM-TEMPLEOGUE LEA-7",
    "lat": 711699.62,
    "long": 729647.92,
    "within": "Dublin",
    "direction": {
      "E": {
        "name": "RATOATH LEA-7",
        "distance": 2298.9681617222654
      },
      "S": {
        "name": "LEIXLIP LEA-3",
        "distance": 1358.05245258079
      },
      "N": {
        "name": "D\\u00daN LAOGHAIRE LEA-7",
        "distance": 2549.9036747010928
      },
      "W": {
        "name": "GREYSTONES LEA-6",
        "distance": 981.1895032954201
      }
    }
  },
  {
    "name": "MUINEBEAG LEA-5",
    "lat": 671583.36,
    "long": 654477.76,
    "within": "Carlow",
    "direction": {
      "E": {
        "name": "NORTH INNER CITY LEA-7",
        "distance": 1530.0704352312423
      },
      "S": {
        "name": "NENAGH LEA-5",
        "distance": 823.2849468278084
      },
      "W": {
        "name": "NEW ROSS LEA-6",
        "distance": 8260.140055906815
      },
      "N": {
        "name": "WEXFORD LEA-7",
        "distance": 2083.1752827138507
      }
    }
  },
  {
    "name": "CASTLEISLAND LEA-4",
    "lat": 501267.53,
    "long": 609619.88,
    "within": "Kerry",
    "direction": {
      "E": {
        "name": "MONAGHAN LEA-7",
        "distance": 1626.1480357772757
      },
      "N": {
        "name": "TALLAGHT SOUTH LEA-5",
        "distance": 1794.5413741400755
      },
      "W": {
        "name": "KENMARE LEA-6",
        "distance": 4602.104953070258
      },
      "S": {
        "name": "CORCA DHUIBHNE LEA-3",
        "distance": 5326.00303490713
      }
    }
  },
  {
    "name": "LAYTOWN  BETTYSTOWN-LEA-7",
    "lat": 702240.78,
    "long": 776366.35,
    "within": "Meath",
    "direction": {
      "E": {
        "name": "LIFFORD-STRANORLAR LEA-6",
        "distance": 514.6051486887835
      },
      "W": {
        "name": "SWORDS LEA-7",
        "distance": 746.248539304033
      },
      "S": {
        "name": "KILLARNEY LEA-7",
        "distance": 1703.919761190639
      },
      "N": {
        "name": "DROGHEDA RURAL LEA-4",
        "distance": 2823.7512002236513
      }
    }
  },
  {
    "name": "COBH LEA-6",
    "lat": 574017.07,
    "long": 577964.56,
    "within": "Cork",
    "direction": {
      "E": {
        "name": "SHANNON LEA-7",
        "distance": 762.2378868800306
      },
      "W": {
        "name": "CORK CITY SOUTH EAST LEA-6",
        "distance": 4086.2708824189885
      },
      "S": {
        "name": "KENMARE LEA-6",
        "distance": 476.31003925391775
      },
      "N": {
        "name": "CALLAN-THOMASTOWN LEA-6",
        "distance": 5621.491237186793
      }
    }
  },
  {
    "name": "WATERFORD CITY EAST LEA-6",
    "lat": 666260.92,
    "long": 605951.54,
    "within": "Waterford",
    "direction": {
      "E": {
        "name": "ROSCOMMON LEA-6",
        "distance": 382.0936811928243
      },
      "S": {
        "name": "CORK CITY SOUTH CENTRAL LEA-6",
        "distance": 267.9115415131227
      },
      "N": {
        "name": "ROSSLARE LEA-5",
        "distance": 1258.9460440688388
      }
    }
  },
  {
    "name": "GALWAY CITY WEST LEA-6",
    "lat": 526456.47,
    "long": 724564.72,
    "within": "Galway",
    "direction": {
      "N": {
        "name": "CARRICKMACROSS-CASTLEBLAYNEY LEA-6",
        "distance": 1179.16466731246
      },
      "E": {
        "name": "SWINFORD LEA-4",
        "distance": 957.3345372728652
      },
      "W": {
        "name": "MIDLETON LEA-7",
        "distance": 2530.31761836891
      },
      "S": {
        "name": "CONAMARA NORTH LEA-4",
        "distance": 5734.423351413433
      }
    }
  },
  {
    "name": "MACROOM LEA-6",
    "lat": 535110,
    "long": 577142.22,
    "within": "Cork",
    "direction": {
      "E": {
        "name": "BALLYBAY-CLONES LEA-5",
        "distance": 3285.4361445485956
      },
      "N": {
        "name": "BLANCHARDSTOWN-MULHUDDART LEA-5",
        "distance": 3462.9662224469994
      },
      "S": {
        "name": "BANTRY-WEST CORK LEA-4",
        "distance": 5871.315686518457
      },
      "W": {
        "name": "SKIBBEREEN-WEST CORK LEA-5",
        "distance": 16093.934485458929
      }
    }
  },
  {
    "name": "DUNGARVAN LEA-6",
    "lat": 620937.18,
    "long": 590141.01,
    "within": "Waterford",
    "direction": {
      "E": {
        "name": "GRAIGUECULLEN -PORTARLINGTON-LEA-6",
        "distance": 942.7574561878021
      },
      "S": {
        "name": "KILLARNEY LEA-7",
        "distance": 2797.098385174392
      },
      "N": {
        "name": "NEW ROSS LEA-6",
        "distance": 1289.5789446568508
      }
    }
  },
  {
    "name": "BRAY WEST LEA-4",
    "lat": 719000.32,
    "long": 715112.2,
    "within": "Wicklow",
    "direction": {
      "E": {
        "name": "BALLYMUN-FINGLAS LEA-6",
        "distance": 494.9043756641393
      },
      "S": {
        "name": "BALLINAMORE-LEA-6",
        "distance": 795.8111637237662
      },
      "W": {
        "name": "KILMUCKRIDGE LEA-4",
        "distance": 1159.1814068246842
      },
      "N": {
        "name": "BRAY EAST LEA-4",
        "distance": 7910.598795035076
      }
    }
  },
  {
    "name": "BALLYJAMESDUFF LEA-6",
    "lat": 648492.72,
    "long": 794486.68,
    "within": "Cavan",
    "direction": {
      "E": {
        "name": "DONEGAL LEA-6",
        "distance": 4126.815575119709
      },
      "W": {
        "name": "KANTURK LEA-4",
        "distance": 1526.4812008295928
      },
      "S": {
        "name": "ATHLONE LEA-6",
        "distance": 2918.182041379102
      },
      "N": {
        "name": "STILLORGAN LEA-6",
        "distance": 1989.6598079692712
      }
    }
  },
  {
    "name": "MALLOW LEA-5",
    "lat": 551118.2,
    "long": 599583.57,
    "within": "Cork",
    "direction": {
      "E": {
        "name": "DUNDALK SOUTH LEA-7",
        "distance": 1560.98759261531
      },
      "N": {
        "name": "WEXFORD LEA-7",
        "distance": 2540.155712674088
      },
      "W": {
        "name": "CORK CITY SOUTH CENTRAL LEA-6",
        "distance": 5191.7159704869655
      },
      "S": {
        "name": "KILLARNEY LEA-7",
        "distance": 8267.676346050503
      }
    }
  },
  {
    "name": "NEWBRIDGE LEA-6",
    "lat": 684652.87,
    "long": 713010.1,
    "within": "Kildare",
    "direction": {
      "E": {
        "name": "LETTERKENNY LEA-7",
        "distance": 1188.1665923973826
      },
      "N": {
        "name": "PEMBROKE LEA-5",
        "distance": 441.4506140677197
      },
      "S": {
        "name": "BALLYMOTE-TOBERCURRY LEA-7",
        "distance": 1234.3238257007336
      },
      "W": {
        "name": "WATERFORD CITY EAST LEA-6",
        "distance": 1901.419787940682
      }
    }
  },
  {
    "name": "NAVAN LEA-7",
    "lat": 685669.09,
    "long": 766351.21,
    "within": "Meath",
    "direction": {
      "E": {
        "name": "DUNDALK-CARLINGFORD LEA-6",
        "distance": 2831.3842116654205
      },
      "W": {
        "name": "NEW ROSS LEA-6",
        "distance": 1315.1079653871686
      },
      "S": {
        "name": "TULLAMORE LEA-7",
        "distance": 2473.0686661190953
      },
      "N": {
        "name": "SWORDS LEA-7",
        "distance": 3964.0612661610617
      }
    }
  },
  {
    "name": "ATHLONE LEA-6",
    "lat": 589392.86,
    "long": 747133.84,
    "within": "Roscommon",
    "direction": {
      "E": {
        "name": "BALLINAMORE-LEA-6",
        "distance": 1723.8807455492404
      },
      "N": {
        "name": "SOUTH EAST INNER CITY LEA-5",
        "distance": 264.9805338711095
      },
      "W": {
        "name": "KILLALOE LEA-5",
        "distance": 154.98291493951834
      },
      "S": {
        "name": "CONAMARA NORTH LEA-4",
        "distance": 2649.550161658825
      }
    }
  },
  {
    "name": "BALLYMAHON LEA-6",
    "lat": 614383.07,
    "long": 763763.3,
    "within": "Longford",
    "direction": {
      "E": {
        "name": "LIFFORD-STRANORLAR LEA-6",
        "distance": 2285.0304610623816
      },
      "N": {
        "name": "LAYTOWN  BETTYSTOWN-LEA-7",
        "distance": 1980.4359003394884
      },
      "W": {
        "name": "KILLARNEY LEA-7",
        "distance": 2532.573475511667
      },
      "S": {
        "name": "BALLINASLOE LEA-6",
        "distance": 1954.3862057409958
      }
    }
  },
  {
    "name": "TRALEE LEA-7",
    "lat": 480548.82,
    "long": 617372.16,
    "within": "Kerry",
    "direction": {
      "E": {
        "name": "BALLINASLOE LEA-6",
        "distance": 1937.1686672826563
      },
      "N": {
        "name": "CELBRIDGE LEA-4",
        "distance": 1296.7114251380929
      },
      "W": {
        "name": "KILLARNEY LEA-7",
        "distance": 5127.0273708721525
      },
      "S": {
        "name": "CORCA DHUIBHNE LEA-3",
        "distance": 4088.9202701910726
      }
    }
  },
  {
    "name": "GALWAY CITY CENTRAL LEA-6",
    "lat": 528557.45,
    "long": 726731.82,
    "within": "Galway",
    "direction": {
      "N": {
        "name": "BALBRIGGAN LEA-5",
        "distance": 243.9726529844868
      },
      "E": {
        "name": "DONEGAL LEA-6",
        "distance": 3667.6290603899033
      },
      "W": {
        "name": "LISTOWEL LEA-6",
        "distance": 939.1478966986067
      },
      "S": {
        "name": "CONAMARA NORTH LEA-4",
        "distance": 928.1809202170249
      }
    }
  },
  {
    "name": "KIMMAGE-RATHMINES LEA-6",
    "lat": 714008.12,
    "long": 731085.64,
    "within": "Dublin",
    "direction": {
      "E": {
        "name": "ASHBOURNE LEA-6",
        "distance": 1688.2997474088786
      },
      "S": {
        "name": "LIMERICK CITY EAST LEA-7",
        "distance": 1211.6601638027028
      },
      "N": {
        "name": "SOUTH EAST INNER CITY LEA-5",
        "distance": 2917.33012326087
      },
      "W": {
        "name": "CORK CITY NORTH EAST LEA-6",
        "distance": 2176.084304374566
      }
    }
  },
  {
    "name": "LIMERICK CITY EAST LEA-7",
    "lat": 562022.13,
    "long": 657832.49,
    "within": "Limerick",
    "direction": {
      "E": {
        "name": "ATHLONE LEA-6",
        "distance": 1482.6159531082483
      },
      "N": {
        "name": "CLONTARF LEA-6",
        "distance": 709.7123020428493
      },
      "W": {
        "name": "CORK CITY NORTH EAST LEA-6",
        "distance": 1336.8985305237954
      },
      "S": {
        "name": "ENNIS LEA-7",
        "distance": 3461.3634993279284
      }
    }
  },
  {
    "name": "THURLES LEA-5",
    "lat": 613699.59,
    "long": 657274.19,
    "within": "Tipperary",
    "direction": {
      "E": {
        "name": "BORRIS-IN-OSSORY -MOUNTMELLICK LEA-6",
        "distance": 1167.2745816025968
      },
      "N": {
        "name": "CARLOW LEA-7",
        "distance": 787.1853148590455
      },
      "W": {
        "name": "PORTLAW-KILMACTHOMAS LEA-5",
        "distance": 1117.9654119656911
      },
      "S": {
        "name": "LIMERICK CITY NORTH LEA-7",
        "distance": 2149.5136369576117
      }
    }
  },
  {
    "name": "ROSCOMMON LEA-6",
    "lat": 574839.11,
    "long": 774993.4,
    "within": "Roscommon",
    "direction": {
      "N": {
        "name": "DONAGHMEDE LEA-5",
        "distance": 564.136875989238
      },
      "W": {
        "name": "CORK CITY SOUTH CENTRAL LEA-6",
        "distance": 317.0179131261273
      },
      "S": {
        "name": "BALLINA LEA-6",
        "distance": 1931.0687087218946
      },
      "E": {
        "name": "GLENTIES LEA-6",
        "distance": 986.4063946685632
      }
    }
  },
  {
    "name": "KILDARE LEA-5",
    "lat": 668740.4,
    "long": 715910.7,
    "within": "Kildare",
    "direction": {
      "E": {
        "name": "LAYTOWN  BETTYSTOWN-LEA-7",
        "distance": 2810.368264303847
      },
      "N": {
        "name": "SWORDS LEA-7",
        "distance": 3299.9623486062646
      },
      "S": {
        "name": "TULLAMORE LEA-7",
        "distance": 905.9554067179917
      },
      "W": {
        "name": "ATHY LEA-5",
        "distance": 2439.795904955595
      }
    }
  },
  {
    "name": "CARNDONAGH LEA-4",
    "lat": 648936.31,
    "long": 950083.42,
    "within": "Donegal",
    "direction": {
      "W": {
        "name": "CAVAN - BELTURBET LEA-6",
        "distance": 552.3031450428481
      },
      "S": {
        "name": "MILFORD LEA-3",
        "distance": 274.81318597566644
      }
    }
  },
  {
    "name": "KILLALOE LEA-5",
    "lat": 558467.99,
    "long": 681077.5,
    "within": "Clare",
    "direction": {
      "E": {
        "name": "ATHLONE LEA-6",
        "distance": 154.98291493951834
      },
      "N": {
        "name": "SOUTH EAST INNER CITY LEA-5",
        "distance": 196.53787426194577
      },
      "W": {
        "name": "BANTRY-WEST CORK LEA-4",
        "distance": 1484.5281056345975
      },
      "S": {
        "name": "ENNIS LEA-7",
        "distance": 2260.4063144238053
      }
    }
  },
  {
    "name": "BANDON - KINSALE LEA-6",
    "lat": 554589.44,
    "long": 550666.25,
    "within": "Cork",
    "direction": {
      "E": {
        "name": "ATHY LEA-5",
        "distance": 2053.594961416581
      },
      "N": {
        "name": "GOREY LEA-6",
        "distance": 1482.9492470972502
      },
      "S": {
        "name": "SKIBBEREEN-WEST CORK LEA-5",
        "distance": 1859.1077195991988
      }
    }
  },
  {
    "name": "BOYLE LEA-6",
    "lat": 581396.7,
    "long": 797765.42,
    "within": "Roscommon",
    "direction": {
      "N": {
        "name": "ONGAR LEA-5",
        "distance": 1429.8285808634707
      },
      "W": {
        "name": "SHANNON LEA-7",
        "distance": 2156.5613375262715
      },
      "S": {
        "name": "CLAREMORRIS LEA-6",
        "distance": 5927.661831283059
      },
      "E": {
        "name": "BUNCRANA LEA-5",
        "distance": 6493.134687534416
      }
    }
  },
  {
    "name": "CLONTARF LEA-6",
    "lat": 719751.49,
    "long": 736852.7,
    "within": "Dublin",
    "direction": {
      "E": {
        "name": "ASHBOURNE LEA-6",
        "distance": 1214.073819536626
      },
      "S": {
        "name": "LIMERICK CITY EAST LEA-7",
        "distance": 709.7123020428493
      },
      "W": {
        "name": "CORK CITY NORTH EAST LEA-6",
        "distance": 916.1779620171269
      },
      "N": {
        "name": "DONAGHMEDE LEA-5",
        "distance": 18028.307251511655
      }
    }
  },
  {
    "name": "PORTLAW-KILMACTHOMAS LEA-5",
    "lat": 634239.38,
    "long": 609153.16,
    "within": "Waterford",
    "direction": {
      "E": {
        "name": "BORRIS-IN-OSSORY -MOUNTMELLICK LEA-6",
        "distance": 685.0408628222609
      },
      "S": {
        "name": "LIMERICK CITY NORTH LEA-7",
        "distance": 1437.4285991900451
      },
      "N": {
        "name": "ROSSLARE LEA-5",
        "distance": 829.1341804335239
      },
      "W": {
        "name": "DUNGARVAN LEA-6",
        "distance": 2789.133831725575
      }
    }
  },
  {
    "name": "LISMORE LEA-3",
    "lat": 606581.97,
    "long": 597092.73,
    "within": "Waterford",
    "direction": {
      "E": {
        "name": "SLIGO-DRUMCLIFF LEA-5",
        "distance": 1028.7030948664892
      },
      "S": {
        "name": "CORK CITY SOUTH WEST LEA-7",
        "distance": 2277.681974299515
      },
      "N": {
        "name": "TULLOW LEA-6",
        "distance": 2443.8891644744
      },
      "W": {
        "name": "MIDLETON LEA-7",
        "distance": 14048.369196371434
      }
    }
  },
  {
    "name": "ATHY LEA-5",
    "lat": 673899.48,
    "long": 693781.57,
    "within": "Kildare",
    "direction": {
      "E": {
        "name": "LONGFORD LEA-7",
        "distance": 2337.234494673194
      },
      "N": {
        "name": "GOREY LEA-6",
        "distance": 648.7878836203408
      },
      "S": {
        "name": "CLAREMORRIS LEA-6",
        "distance": 1264.9084707716438
      },
      "W": {
        "name": "BANDON - KINSALE LEA-6",
        "distance": 2053.594961416581
      }
    }
  },
  {
    "name": "BALLINAMORE-LEA-6",
    "lat": 610641.91,
    "long": 808758.79,
    "within": "Leitrim",
    "direction": {
      "N": {
        "name": "BALLYMUN-FINGLAS LEA-6",
        "distance": 434.18105486393785
      },
      "W": {
        "name": "CASTLECOMER LEA-6",
        "distance": 296.23455211951836
      },
      "S": {
        "name": "GALWAY CITY CENTRAL LEA-6",
        "distance": 1113.208625548225
      },
      "E": {
        "name": "DONEGAL LEA-6",
        "distance": 3584.9139687873603
      }
    }
  },
  {
    "name": "LIMERICK CITY WEST LEA-7",
    "lat": 551741.71,
    "long": 652792.85,
    "within": "Limerick",
    "direction": {
      "E": {
        "name": "KINNEGAD LEA-5",
        "distance": 1603.6011927989452
      },
      "N": {
        "name": "GREYSTONES LEA-6",
        "distance": 1824.70188625172
      },
      "W": {
        "name": "CORK CITY SOUTH CENTRAL LEA-6",
        "distance": 4381.363243965455
      },
      "S": {
        "name": "TRALEE LEA-7",
        "distance": 3147.733070879232
      }
    }
  },
  {
    "name": "ENNISCORTHY LEA-6",
    "lat": 693932.79,
    "long": 645396.33,
    "within": "Wexford",
    "direction": {
      "E": {
        "name": "NAVAN LEA-7",
        "distance": 1862.2742934882256
      },
      "S": {
        "name": "KILKENNY LEA-7",
        "distance": 2502.0582948598912
      },
      "W": {
        "name": "NEW ROSS LEA-6",
        "distance": 2387.157046687148
      },
      "N": {
        "name": "GOREY LEA-6",
        "distance": 4269.116006406978
      }
    }
  },
  {
    "name": "SWINFORD LEA-4",
    "lat": 540766.25,
    "long": 793516.26,
    "within": "Mayo",
    "direction": {
      "N": {
        "name": "CARRICKMACROSS-CASTLEBLAYNEY LEA-6",
        "distance": 1767.944941032594
      },
      "W": {
        "name": "GALWAY CITY WEST LEA-6",
        "distance": 957.3345372728652
      },
      "S": {
        "name": "WESTPORT LEA-4",
        "distance": 5112.21177074033
      },
      "E": {
        "name": "SLIGO-STRANDHILL LEA-6",
        "distance": 1298.6540927651322
      }
    }
  },
  {
    "name": "CORCA DHUIBHNE LEA-3",
    "lat": 452145.53,
    "long": 606569.76,
    "within": "Kerry",
    "direction": {
      "E": {
        "name": "GRANARD LEA-5",
        "distance": 3113.9780441266594
      },
      "N": {
        "name": "SHANNON LEA-7",
        "distance": 2141.719587519704
      },
      "W": {
        "name": "KENMARE LEA-6",
        "distance": 2237.809288199305
      }
    }
  },
  {
    "name": "WESTPORT LEA-4",
    "lat": 483845.13,
    "long": 784179.98,
    "within": "Mayo",
    "direction": {
      "N": {
        "name": "KELLS LEA-7",
        "distance": 1979.0592956380306
      },
      "E": {
        "name": "BELMULLET-LEA-3",
        "distance": 2909.582386565693
      },
      "W": {
        "name": "CASHEL-TIPPERARY LEA-7",
        "distance": 4473.002722267461
      }
    }
  },
  {
    "name": "CARRICK-ON-SHANNON LEA-6",
    "lat": 603739.27,
    "long": 797046.82,
    "within": "Leitrim",
    "direction": {
      "N": {
        "name": "NAAS LEA-7",
        "distance": 1961.081816339499
      },
      "E": {
        "name": "BUNCRANA LEA-5",
        "distance": 4490.6416075501065
      },
      "W": {
        "name": "ROSCREA-TEMPLEMORE LEA-4",
        "distance": 125.98092650076467
      },
      "S": {
        "name": "BOYLE LEA-6",
        "distance": 2515.1243765138597
      }
    }
  },
  {
    "name": "KILLINEY-SHANKILL LEA-7",
    "lat": 724349.01,
    "long": 722551.71,
    "within": "Dublin",
    "direction": {
      "E": {
        "name": "BUNCRANA LEA-5",
        "distance": 1935.3687423087895
      },
      "S": {
        "name": "DUNDRUM LEA-7",
        "distance": 527.5165583706018
      },
      "W": {
        "name": "BANDON - KINSALE LEA-6",
        "distance": 4552.5321720619895
      }
    }
  },
  {
    "name": "TALLAGHT SOUTH LEA-5",
    "lat": 706093.91,
    "long": 724111.14,
    "within": "Dublin",
    "direction": {
      "E": {
        "name": "MONAGHAN LEA-7",
        "distance": 1628.7009733866
      },
      "S": {
        "name": "BIRR LEA-6",
        "distance": 1791.774266485435
      },
      "N": {
        "name": "BLACKROCK LEA-6",
        "distance": 3454.3550857294804
      },
      "W": {
        "name": "CALLAN-THOMASTOWN LEA-6",
        "distance": 694.0666571861234
      }
    }
  },
  {
    "name": "CAHIR LEA-4",
    "lat": 602429.18,
    "long": 619547.89,
    "within": "Tipperary",
    "direction": {
      "E": {
        "name": "TRIM LEA-6",
        "distance": 1430.2882911032607
      },
      "N": {
        "name": "STILLORGAN LEA-6",
        "distance": 3395.11969407888
      },
      "W": {
        "name": "CORK CITY NORTH WEST LEA-6",
        "distance": 408.26947039169806
      },
      "S": {
        "name": "NEWCASTLE WEST LEA-6",
        "distance": 1514.516333004693
      }
    }
  },
  {
    "name": "GLENCULLEN-SANDYFORD LEA-7",
    "lat": 717720.19,
    "long": 722697.93,
    "within": "Dublin",
    "direction": {
      "E": {
        "name": "LIFFORD-STRANORLAR LEA-6",
        "distance": 1117.7292542727823
      },
      "S": {
        "name": "BALLINASLOE LEA-6",
        "distance": 1175.7270513726644
      },
      "W": {
        "name": "CARRIGALINE LEA-6",
        "distance": 1143.832072263774
      },
      "N": {
        "name": "D\\u00daN LAOGHAIRE LEA-7",
        "distance": 8283.131697500765
      }
    }
  },
  {
    "name": "ARTANE-WHITEHALL LEA-6",
    "lat": 718271.31,
    "long": 739483.09,
    "within": "Dublin",
    "direction": {
      "E": {
        "name": "ASHBOURNE LEA-6",
        "distance": 2008.6181344510314
      },
      "S": {
        "name": "LOUGHREA LEA-5",
        "distance": 381.2975645672328
      },
      "W": {
        "name": "MIDLETON LEA-7",
        "distance": 1190.1134418741792
      },
      "N": {
        "name": "HOWTH-MALAHIDE LEA-7",
        "distance": 3354.858887536915
      }
    }
  },
  {
    "name": "CARRICKMACROSS-CASTLEBLAYNEY LEA-6",
    "lat": 684867.07,
    "long": 812044.92,
    "within": "Monaghan",
    "direction": {
      "S": {
        "name": "GALWAY CITY WEST LEA-6",
        "distance": 1179.16466731246
      },
      "W": {
        "name": "CARRICK-ON-SUIR  LEA-5",
        "distance": 2342.6762056680896
      },
      "N": {
        "name": "DUNDALK-CARLINGFORD LEA-6",
        "distance": 11129.530873708512
      },
      "E": {
        "name": "BUNCRANA LEA-5",
        "distance": 1876.4524899284381
      }
    }
  },
  {
    "name": "SLIGO-DRUMCLIFF LEA-5",
    "lat": 566625.89,
    "long": 840821.45,
    "within": "Sligo",
    "direction": {
      "N": {
        "name": "CAVAN - BELTURBET LEA-6",
        "distance": 2129.077769662391
      },
      "W": {
        "name": "LISMORE LEA-3",
        "distance": 1028.7030948664892
      },
      "S": {
        "name": "BALLINA LEA-6",
        "distance": 9046.008942860148
      },
      "E": {
        "name": "MILFORD LEA-3",
        "distance": 2252.431290104512
      }
    }
  },
  {
    "name": "SWORDS LEA-7",
    "lat": 714487.43,
    "long": 746488.4,
    "within": "Dublin",
    "direction": {
      "E": {
        "name": "LIFFORD-STRANORLAR LEA-6",
        "distance": 649.8269917175622
      },
      "S": {
        "name": "BORRIS-IN-OSSORY -MOUNTMELLICK LEA-6",
        "distance": 1114.3843571712869
      },
      "W": {
        "name": "CARRIGALINE LEA-6",
        "distance": 1343.8158858232161
      },
      "N": {
        "name": "DONAGHMEDE LEA-5",
        "distance": 2780.319107992475
      }
    }
  },
  {
    "name": "SHANNON LEA-7",
    "lat": 549356.23,
    "long": 664906,
    "within": "Clare",
    "direction": {
      "E": {
        "name": "BOYLE LEA-6",
        "distance": 2156.5613375262715
      },
      "N": {
        "name": "ONGAR LEA-5",
        "distance": 1025.4989931024916
      },
      "W": {
        "name": "KENMARE LEA-6",
        "distance": 289.1056880748576
      },
      "S": {
        "name": "CORCA DHUIBHNE LEA-3",
        "distance": 2141.719587519704
      }
    }
  },
  {
    "name": "CORK CITY SOUTH CENTRAL LEA-6",
    "lat": 567619.09,
    "long": 568520.61,
    "within": "Cork",
    "direction": {
      "E": {
        "name": "ROSCOMMON LEA-6",
        "distance": 317.0179131261273
      },
      "W": {
        "name": "CARRIGALINE LEA-6",
        "distance": 2568.426484012858
      },
      "S": {
        "name": "TRALEE LEA-7",
        "distance": 4073.4840731134036
      },
      "N": {
        "name": "WATERFORD CITY EAST LEA-6",
        "distance": 267.9115415131227
      }
    }
  },
  {
    "name": "ONGAR LEA-5",
    "lat": 704348.84,
    "long": 739613.75,
    "within": "Dublin",
    "direction": {
      "E": {
        "name": "MONAGHAN LEA-7",
        "distance": 4892.63810062899
      },
      "S": {
        "name": "SHANNON LEA-7",
        "distance": 1025.4989931024916
      },
      "W": {
        "name": "COBH LEA-6",
        "distance": 1659.022493842379
      },
      "N": {
        "name": "DUNDRUM LEA-7",
        "distance": 5718.792501630914
      }
    }
  },
  {
    "name": "BANTRY-WEST CORK LEA-4",
    "lat": 483190.61,
    "long": 544499.81,
    "within": "Cork",
    "direction": {
      "E": {
        "name": "BALLINAMORE-LEA-6",
        "distance": 1336.9962575640577
      },
      "N": {
        "name": "RUSH-LUSK LEA-5",
        "distance": 632.6911867607956
      }
    }
  },
  {
    "name": "ENNIS LEA-7",
    "lat": 532526.3,
    "long": 677422.29,
    "within": "Clare",
    "direction": {
      "E": {
        "name": "CONAMARA NORTH LEA-4",
        "distance": 470.1591857422583
      },
      "N": {
        "name": "KILMUCKRIDGE LEA-4",
        "distance": 252.2802377147863
      },
      "W": {
        "name": "BANTRY-WEST CORK LEA-4",
        "distance": 2140.607604288819
      },
      "S": {
        "name": "LISTOWEL LEA-6",
        "distance": 64.43181333922578
      }
    }
  },
  {
    "name": "CASTLEBAR LEA-7",
    "lat": 513302.49,
    "long": 785454.66,
    "within": "Mayo",
    "direction": {
      "N": {
        "name": "KINNEGAD LEA-5",
        "distance": 1447.9854352128596
      },
      "W": {
        "name": "LIMERICK CITY WEST LEA-7",
        "distance": 1762.1081885861854
      },
      "S": {
        "name": "BELMULLET-LEA-3",
        "distance": 13864.027897779979
      },
      "E": {
        "name": "BALLINA LEA-6",
        "distance": 1857.9769398018714
      }
    }
  },
  {
    "name": "MULLINGAR LEA-6",
    "lat": 645586.75,
    "long": 753159.69,
    "within": "Westmeath",
    "direction": {
      "E": {
        "name": "BALLINAMORE-LEA-6",
        "distance": 1070.2984476420506
      },
      "N": {
        "name": "RUSH-LUSK LEA-5",
        "distance": 817.9497529955655
      },
      "S": {
        "name": "GALWAY CITY CENTRAL LEA-6",
        "distance": 999.6382710166141
      },
      "W": {
        "name": "CASTLECOMER LEA-6",
        "distance": 786.2379694049012
      }
    }
  },
  {
    "name": "CAPPAMORE-KILMALLOCK LEA-7",
    "lat": 568291.39,
    "long": 637511.5,
    "within": "Limerick",
    "direction": {
      "E": {
        "name": "EDENDERRY LEA-6",
        "distance": 1532.0580249306922
      },
      "N": {
        "name": "KILKENNY LEA-7",
        "distance": 1440.6798067062402
      },
      "W": {
        "name": "MALLOW LEA-5",
        "distance": 4717.180892692148
      },
      "S": {
        "name": "ADARE-RATHKEALE LEA-6",
        "distance": 5865.288339749485
      }
    }
  },
  {
    "name": "BLACKROCK LEA-6",
    "lat": 720853.94,
    "long": 728116.54,
    "within": "Dublin",
    "direction": {
      "E": {
        "name": "BUNCRANA LEA-5",
        "distance": 2451.2186102313785
      },
      "S": {
        "name": "GORT-KINVARA LEA-5",
        "distance": 795.5129462774222
      },
      "W": {
        "name": "KILLINEY-SHANKILL LEA-7",
        "distance": 2312.1933735146135
      },
      "N": {
        "name": "D\\u00daN LAOGHAIRE LEA-7",
        "distance": 13403.533359970388
      }
    }
  },
  {
    "name": "GLENTIES LEA-6",
    "lat": 585270.37,
    "long": 914985.09,
    "within": "Donegal",
    "direction": {
      "W": {
        "name": "ARDEE LEA-6",
        "distance": 32.59478434673826
      },
      "N": {
        "name": "LETTERKENNY LEA-7",
        "distance": 2155.947137864821
      },
      "S": {
        "name": "BELMULLET-LEA-3",
        "distance": 10339.668772616113
      }
    }
  },
  {
    "name": "BUNCRANA LEA-5",
    "lat": 639858.48,
    "long": 926506.61,
    "within": "Donegal",
    "direction": {
      "W": {
        "name": "CARRICK-ON-SUIR  LEA-5",
        "distance": 538.9544986437312
      },
      "S": {
        "name": "WESTPORT LEA-4",
        "distance": 6642.798867826583
      },
      "E": {
        "name": "CARNDONAGH LEA-4",
        "distance": 19379.58640193491
      }
    }
  },
  {
    "name": "D\\u00daN LAOGHAIRE LEA-7",
    "lat": 724659.47,
    "long": 727463.43,
    "within": "Dublin",
    "direction": {
      "E": {
        "name": "BALLYBAY-CLONES LEA-5",
        "distance": 3510.3208269100387
      },
      "S": {
        "name": "RATHFARNHAM-TEMPLEOGUE LEA-7",
        "distance": 2549.9036747010928
      },
      "W": {
        "name": "BALTINGLASS LEA-6",
        "distance": 1568.0947360075777
      }
    }
  },
  {
    "name": "SLIGO-STRANDHILL LEA-6",
    "lat": 565254.17,
    "long": 835262.78,
    "within": "Sligo",
    "direction": {
      "N": {
        "name": "CABRA-GLASNEVIN LEA-7",
        "distance": 1329.3351308990664
      },
      "W": {
        "name": "GALWAY CITY WEST LEA-6",
        "distance": 1191.852656433192
      },
      "S": {
        "name": "WESTPORT LEA-4",
        "distance": 6398.724698488413
      },
      "E": {
        "name": "BUNCRANA LEA-5",
        "distance": 1844.9750025462506
      }
    }
  },
  {
    "name": "LETTERKENNY LEA-7",
    "lat": 610489.65,
    "long": 912061.68,
    "within": "Donegal",
    "direction": {
      "W": {
        "name": "NEWBRIDGE LEA-6",
        "distance": 1188.1665923973826
      },
      "N": {
        "name": "DUNDALK-CARLINGFORD LEA-6",
        "distance": 3608.1413932550636
      },
      "S": {
        "name": "GLENTIES LEA-6",
        "distance": 2155.947137864821
      },
      "E": {
        "name": "MILFORD LEA-3",
        "distance": 4658.27698676875
      }
    }
  },
  {
    "name": "CELBRIDGE LEA-4",
    "lat": 696826.59,
    "long": 730935.81,
    "within": "Kildare",
    "direction": {
      "E": {
        "name": "DROGHEDA RURAL LEA-4",
        "distance": 2370.0708750080007
      },
      "S": {
        "name": "KINNEGAD LEA-5",
        "distance": 443.67470953761716
      },
      "N": {
        "name": "CASTLEKNOCK LEA-6",
        "distance": 2066.2270545784063
      },
      "W": {
        "name": "CARRIGALINE LEA-6",
        "distance": 3387.8551437981387
      }
    }
  },
  {
    "name": "ENNISTIMON LEA-4",
    "lat": 520746.99,
    "long": 695127.4,
    "within": "Clare",
    "direction": {
      "N": {
        "name": "CASHEL-TIPPERARY LEA-7",
        "distance": 1206.3532611434628
      },
      "E": {
        "name": "MANORHAMILTON LEA-6",
        "distance": 1106.6856219405543
      },
      "W": {
        "name": "ADARE-RATHKEALE LEA-6",
        "distance": 2774.9909206615393
      }
    }
  },
  {
    "name": "KENMARE LEA-6",
    "lat": 468358.69,
    "long": 575985.16,
    "within": "Kerry",
    "direction": {
      "E": {
        "name": "SHANNON LEA-7",
        "distance": 289.1056880748576
      },
      "N": {
        "name": "COBH LEA-6",
        "distance": 476.31003925391775
      },
      "W": {
        "name": "BANTRY-WEST CORK LEA-4",
        "distance": 12239.78498940222
      }
    }
  },
  {
    "name": "TRIM LEA-6",
    "lat": 671062.14,
    "long": 751858.51,
    "within": "Meath",
    "direction": {
      "E": {
        "name": "DONEGAL LEA-6",
        "distance": 3790.7470053728753
      },
      "W": {
        "name": "CORK CITY NORTH WEST LEA-6",
        "distance": 1413.8764053099517
      },
      "N": {
        "name": "MAYNOOTH LEA-5",
        "distance": 1341.1906392532476
      },
      "S": {
        "name": "NEWCASTLE WEST LEA-6",
        "distance": 2145.623687061104
      }
    }
  },
  {
    "name": "RATOATH LEA-7",
    "lat": 696233.81,
    "long": 749103.41,
    "within": "Meath",
    "direction": {
      "E": {
        "name": "BAILIEBOROUGH - COOTEHILL LEA-6",
        "distance": 2909.5092315522725
      },
      "S": {
        "name": "CORCA DHUIBHNE LEA-3",
        "distance": 3023.4766632928254
      },
      "W": {
        "name": "LEIXLIP LEA-3",
        "distance": 992.5874826166729
      },
      "N": {
        "name": "D\\u00daN LAOGHAIRE LEA-7",
        "distance": 4594.0969954609645
      }
    }
  },
  {
    "name": "ROSCREA-TEMPLEMORE LEA-4",
    "lat": 608921.75,
    "long": 676626.3,
    "within": "Tipperary",
    "direction": {
      "E": {
        "name": "CARRICK-ON-SHANNON LEA-6",
        "distance": 125.98092650076467
      },
      "N": {
        "name": "NAAS LEA-7",
        "distance": 2061.5373603469116
      },
      "S": {
        "name": "KILRUSH LEA-5",
        "distance": 1895.6687763383356
      },
      "W": {
        "name": "CLONMEL LEA-6",
        "distance": 1545.4782743159574
      }
    }
  },
  {
    "name": "TULLAMORE LEA-7",
    "lat": 629141.28,
    "long": 727081.41,
    "within": "Offaly",
    "direction": {
      "E": {
        "name": "BALLYMAHON LEA-6",
        "distance": 3120.7209819799555
      },
      "N": {
        "name": "KILDARE LEA-5",
        "distance": 905.9554067179917
      },
      "S": {
        "name": "CLAREMORRIS LEA-6",
        "distance": 1423.9703290205562
      },
      "W": {
        "name": "KILLARNEY LEA-7",
        "distance": 1638.8550590465159
      }
    }
  },
  {
    "name": "TUAM LEA-7",
    "lat": 537051.25,
    "long": 753542.8,
    "within": "Galway",
    "direction": {
      "N": {
        "name": "BORRIS-IN-OSSORY -MOUNTMELLICK LEA-6",
        "distance": 875.1966805110495
      },
      "W": {
        "name": "TRAMORE-WATERFORD CITY WEST LEA-6",
        "distance": 1110.5639285443708
      },
      "E": {
        "name": "LIFFORD-STRANORLAR LEA-6",
        "distance": 2046.3467023366663
      },
      "S": {
        "name": "WESTPORT LEA-4",
        "distance": 8699.603792051823
      }
    }
  },
  {
    "name": "BORRIS-IN-OSSORY -MOUNTMELLICK LEA-6",
    "lat": 634575.29,
    "long": 694308.36,
    "within": "Laois",
    "direction": {
      "E": {
        "name": "GLENTIES LEA-6",
        "distance": 1677.280483842499
      },
      "N": {
        "name": "SWORDS LEA-7",
        "distance": 1114.3843571712869
      },
      "S": {
        "name": "TUAM LEA-7",
        "distance": 875.1966805110495
      },
      "W": {
        "name": "PORTLAW-KILMACTHOMAS LEA-5",
        "distance": 685.0408628222609
      }
    }
  },
  {
    "name": "KINNEGAD LEA-5",
    "lat": 650028.73,
    "long": 760450.81,
    "within": "Westmeath",
    "direction": {
      "E": {
        "name": "GRANARD LEA-5",
        "distance": 3919.9447806866046
      },
      "W": {
        "name": "LIMERICK CITY WEST LEA-7",
        "distance": 1603.6011927989452
      },
      "N": {
        "name": "CELBRIDGE LEA-4",
        "distance": 443.67470953761716
      },
      "S": {
        "name": "CASTLEBAR LEA-7",
        "distance": 1447.9854352128596
      }
    }
  },
  {
    "name": "DONAGHMEDE LEA-5",
    "lat": 722785.9,
    "long": 739165.98,
    "within": "Dublin",
    "direction": {
      "E": {
        "name": "ARDEE LEA-6",
        "distance": 403.8126814102322
      },
      "S": {
        "name": "PORTLAOISE LEA-7",
        "distance": 546.1416550115963
      },
      "W": {
        "name": "WATERFORD CITY EAST LEA-6",
        "distance": 579.5039495205425
      }
    }
  },
  {
    "name": "MILFORD LEA-3",
    "lat": 613765.64,
    "long": 930821.56,
    "within": "Donegal",
    "direction": {
      "W": {
        "name": "CAVAN - BELTURBET LEA-6",
        "distance": 290.4250741905768
      },
      "S": {
        "name": "GLENTIES LEA-6",
        "distance": 6147.751313219232
      },
      "N": {
        "name": "CARNDONAGH LEA-4",
        "distance": 274.81318597566644
      }
    }
  },
  {
    "name": "GALWAY CITY EAST LEA-6",
    "lat": 533315.34,
    "long": 726714.34,
    "within": "Galway",
    "direction": {
      "N": {
        "name": "CARRICKMACROSS-CASTLEBLAYNEY LEA-6",
        "distance": 1380.4013388980968
      },
      "E": {
        "name": "BUNCRANA LEA-5",
        "distance": 2006.740022032895
      },
      "W": {
        "name": "SKIBBEREEN-WEST CORK LEA-5",
        "distance": 2225.566604264434
      },
      "S": {
        "name": "GALWAY CITY WEST LEA-6",
        "distance": 2301.9590128222862
      }
    }
  },
  {
    "name": "WATERFORD CITY SOUTH LEA-6",
    "lat": 659642.34,
    "long": 607046.13,
    "within": "Waterford",
    "direction": {
      "E": {
        "name": "BLANCHARDSTOWN-MULHUDDART LEA-5",
        "distance": 581.9135301670877
      },
      "S": {
        "name": "GALWAY CITY CENTRAL LEA-6",
        "distance": 2268.150288949332
      },
      "N": {
        "name": "KILMUCKRIDGE LEA-4",
        "distance": 3436.158135446439
      }
    }
  },
  {
    "name": "ARDEE LEA-6",
    "lat": 700829.53,
    "long": 792443.66,
    "within": "Louth",
    "direction": {
      "S": {
        "name": "ROSCOMMON LEA-6",
        "distance": 961.819636116561
      },
      "W": {
        "name": "DONAGHMEDE LEA-5",
        "distance": 403.8126814102322
      },
      "E": {
        "name": "GLENTIES LEA-6",
        "distance": 32.59478434673826
      }
    }
  },
  {
    "name": "DROGHEDA RURAL LEA-4",
    "lat": 708773.09,
    "long": 780808.05,
    "within": "Louth",
    "direction": {
      "S": {
        "name": "BALLINA LEA-6",
        "distance": 238.54110723317973
      },
      "W": {
        "name": "CASTLEKNOCK LEA-6",
        "distance": 379.20143903441567
      },
      "E": {
        "name": "LIFFORD-STRANORLAR LEA-6",
        "distance": 2309.2208068027253
      }
    }
  },
  {
    "name": "MANORHAMILTON LEA-6",
    "lat": 587866.33,
    "long": 837874.9,
    "within": "Leitrim",
    "direction": {
      "N": {
        "name": "SOUTH WEST INNER CITY LEA-5",
        "distance": 2145.3443060632003
      },
      "W": {
        "name": "ENNISTIMON LEA-4",
        "distance": 1106.6856219405543
      },
      "S": {
        "name": "BELMULLET-LEA-3",
        "distance": 3672.3685079548204
      },
      "E": {
        "name": "LETTERKENNY LEA-7",
        "distance": 6568.279751130504
      }
    }
  },
  {
    "name": "WICKLOW LEA-6",
    "lat": 719366.91,
    "long": 698423.14,
    "within": "Wicklow",
    "direction": {
      "E": {
        "name": "CLONDALKIN LEA-7",
        "distance": 842.5384038404496
      },
      "S": {
        "name": "ENNIS LEA-7",
        "distance": 657.6102648169519
      },
      "W": {
        "name": "KILMUCKRIDGE LEA-4",
        "distance": 434.5197109968315
      }
    }
  },
  {
    "name": "ASHBOURNE LEA-6",
    "lat": 702423.91,
    "long": 757527.89,
    "within": "Meath",
    "direction": {
      "E": {
        "name": "BUNCRANA LEA-5",
        "distance": 3622.148487337958
      },
      "S": {
        "name": "LIMERICK CITY EAST LEA-7",
        "distance": 1248.9617842643136
      },
      "W": {
        "name": "CORK CITY NORTH EAST LEA-6",
        "distance": 681.7846056816315
      },
      "N": {
        "name": "RUSH-LUSK LEA-5",
        "distance": 3712.701714166271
      }
    }
  },
  {
    "name": "MONAGHAN LEA-7",
    "lat": 666867.79,
    "long": 838237.2,
    "within": "Monaghan",
    "direction": {
      "W": {
        "name": "CORK CITY SOUTH EAST LEA-6",
        "distance": 963.9664999151482
      },
      "S": {
        "name": "CARRICK-ON-SHANNON LEA-6",
        "distance": 3282.862353275074
      },
      "N": {
        "name": "DUNDALK-CARLINGFORD LEA-6",
        "distance": 17134.743918246346
      },
      "E": {
        "name": "BUNCRANA LEA-5",
        "distance": 6097.842805813453
      }
    }
  },
  {
    "name": "GRAIGUECULLEN -PORTARLINGTON-LEA-6",
    "lat": 660846.94,
    "long": 692938.57,
    "within": "Laois",
    "direction": {
      "E": {
        "name": "DUNDALK-CARLINGFORD LEA-6",
        "distance": 2161.2326203295816
      },
      "N": {
        "name": "DONAGHMEDE LEA-5",
        "distance": 2958.8480576870375
      },
      "S": {
        "name": "THURLES LEA-5",
        "distance": 1580.2570228352022
      },
      "W": {
        "name": "DUNGARVAN LEA-6",
        "distance": 942.7574561878021
      }
    }
  },
  {
    "name": "CASHEL-TIPPERARY LEA-7",
    "lat": 591841,
    "long": 641660.05,
    "within": "Tipperary",
    "direction": {
      "E": {
        "name": "BELMULLET-LEA-3",
        "distance": 1563.915260297666
      },
      "N": {
        "name": "SOUTH WEST INNER CITY LEA-5",
        "distance": 1174.3554164074965
      },
      "W": {
        "name": "CORK CITY NORTH WEST LEA-6",
        "distance": 4039.457079109298
      },
      "S": {
        "name": "ENNISTIMON LEA-4",
        "distance": 1206.3532611434628
      }
    }
  },
  {
    "name": "BALTINGLASS LEA-6",
    "lat": 696952.59,
    "long": 690738.1,
    "within": "Wicklow",
    "direction": {
      "E": {
        "name": "D\\u00daN LAOGHAIRE LEA-7",
        "distance": 1568.0947360075777
      },
      "S": {
        "name": "CORK CITY SOUTH WEST LEA-7",
        "distance": 2824.5999211447383
      },
      "W": {
        "name": "PILTOWN LEA-5",
        "distance": 2144.095101280698
      },
      "N": {
        "name": "ARKLOW LEA-6",
        "distance": 2616.3815260079664
      }
    }
  },
  {
    "name": "CARLOW LEA-7",
    "lat": 674919.4,
    "long": 676215.85,
    "within": "Carlow",
    "direction": {
      "E": {
        "name": "GLENTIES LEA-6",
        "distance": 1045.8172031108725
      },
      "S": {
        "name": "THURLES LEA-5",
        "distance": 787.1853148590455
      },
      "W": {
        "name": "PORTLAW-KILMACTHOMAS LEA-5",
        "distance": 1628.397723469265
      },
      "N": {
        "name": "GOREY LEA-6",
        "distance": 8080.874466083353
      }
    }
  },
  {
    "name": "KANTURK LEA-4",
    "lat": 536546.35,
    "long": 606204.56,
    "within": "Cork",
    "direction": {
      "E": {
        "name": "BALLYJAMESDUFF LEA-6",
        "distance": 1526.4812008295928
      },
      "N": {
        "name": "CAHIR LEA-4",
        "distance": 2212.6697086859695
      },
      "W": {
        "name": "CORK CITY NORTH WEST LEA-6",
        "distance": 2140.8073792299665
      },
      "S": {
        "name": "LISTOWEL LEA-6",
        "distance": 6512.231951829602
      }
    }
  },
  {
    "name": "PILTOWN LEA-5",
    "lat": 655906.7,
    "long": 621996.77,
    "within": "Kilkenny",
    "direction": {
      "E": {
        "name": "RATHFARNHAM-TEMPLEOGUE LEA-7",
        "distance": 1423.5669400955526
      },
      "S": {
        "name": "LIMERICK CITY WEST LEA-7",
        "distance": 3521.9717179054196
      },
      "W": {
        "name": "WATERFORD CITY EAST LEA-6",
        "distance": 7622.014571290022
      },
      "N": {
        "name": "ARKLOW LEA-6",
        "distance": 1266.3768496755745
      }
    }
  },
  {
    "name": "CORK CITY SOUTH WEST LEA-7",
    "lat": 562157.65,
    "long": 568134.25,
    "within": "Cork",
    "direction": {
      "E": {
        "name": "SLIGO-DRUMCLIFF LEA-5",
        "distance": 1424.4261312052274
      },
      "W": {
        "name": "CARRIGALINE LEA-6",
        "distance": 9240.098392122381
      },
      "S": {
        "name": "MACROOM LEA-6",
        "distance": 5368.507495230995
      },
      "N": {
        "name": "TULLOW LEA-6",
        "distance": 434.23547293652314
      }
    }
  },
  {
    "name": "BALLYMOTE-TOBERCURRY LEA-7",
    "lat": 557897.46,
    "long": 817604.05,
    "within": "Sligo",
    "direction": {
      "N": {
        "name": "PEMBROKE LEA-5",
        "distance": 1076.6620716551813
      },
      "W": {
        "name": "WATERFORD CITY EAST LEA-6",
        "distance": 680.2712507270021
      },
      "S": {
        "name": "BALLINA LEA-6",
        "distance": 2974.894259899493
      },
      "E": {
        "name": "GLENTIES LEA-6",
        "distance": 1353.6740527793384
      }
    }
  },
  {
    "name": "LIMERICK CITY NORTH LEA-7",
    "lat": 556119.81,
    "long": 658028.26,
    "within": "Limerick",
    "direction": {
      "E": {
        "name": "ROSCOMMON LEA-6",
        "distance": 632.1539304276603
      },
      "N": {
        "name": "ROSSLARE LEA-5",
        "distance": 610.8110848054664
      },
      "W": {
        "name": "CORK CITY SOUTH CENTRAL LEA-6",
        "distance": 933.4735804339387
      },
      "S": {
        "name": "TRALEE LEA-7",
        "distance": 3345.1539503981903
      }
    }
  },
  {
    "name": "LOUGHREA LEA-5",
    "lat": 573551.24,
    "long": 711413.78,
    "within": "Galway",
    "direction": {
      "E": {
        "name": "SLIGO-STRANDHILL LEA-6",
        "distance": 1948.3845871937528
      },
      "N": {
        "name": "ARTANE-WHITEHALL LEA-6",
        "distance": 381.2975645672328
      },
      "W": {
        "name": "MIDLETON LEA-7",
        "distance": 841.0890969257994
      },
      "S": {
        "name": "ENNIS LEA-7",
        "distance": 2455.898515229873
      }
    }
  },
  {
    "name": "BALLYMUN-FINGLAS LEA-6",
    "lat": 713959.78,
    "long": 739257.98,
    "within": "Dublin",
    "direction": {
      "E": {
        "name": "RUSH-LUSK LEA-5",
        "distance": 679.7737948904336
      },
      "S": {
        "name": "BALLINAMORE-LEA-6",
        "distance": 434.18105486393785
      },
      "W": {
        "name": "BRAY WEST LEA-4",
        "distance": 494.9043756641393
      },
      "N": {
        "name": "HOWTH-MALAHIDE LEA-7",
        "distance": 1876.696786169437
      }
    }
  },
  {
    "name": "WEXFORD LEA-7",
    "lat": 701839.26,
    "long": 624607.89,
    "within": "Wexford",
    "direction": {
      "E": {
        "name": "DUNDALK SOUTH LEA-7",
        "distance": 1791.785378619824
      },
      "S": {
        "name": "MUINEBEAG LEA-5",
        "distance": 2083.1752827138507
      },
      "W": {
        "name": "ROSSLARE LEA-5",
        "distance": 8551.581543391907
      }
    }
  },
  {
    "name": "KILMUCKRIDGE LEA-4",
    "lat": 710008.55,
    "long": 641069.37,
    "within": "Wexford",
    "direction": {
      "E": {
        "name": "WICKLOW LEA-6",
        "distance": 434.5197109968315
      },
      "S": {
        "name": "ENNIS LEA-7",
        "distance": 252.2802377147863
      },
      "W": {
        "name": "WEXFORD LEA-7",
        "distance": 12128.38273280036
      }
    }
  },
  {
    "name": "LISTOWEL LEA-6",
    "lat": 489694.26,
    "long": 635124.43,
    "within": "Kerry",
    "direction": {
      "E": {
        "name": "CONAMARA NORTH LEA-4",
        "distance": 420.963173339942
      },
      "N": {
        "name": "ENNIS LEA-7",
        "distance": 64.43181333922578
      },
      "W": {
        "name": "BANTRY-WEST CORK LEA-4",
        "distance": 2162.3787207913406
      },
      "S": {
        "name": "CORCA DHUIBHNE LEA-3",
        "distance": 11418.83011324932
      }
    }
  },
  {
    "name": "LIFFORD-STRANORLAR LEA-6",
    "lat": 615123.4,
    "long": 898758.19,
    "within": "Donegal",
    "direction": {
      "W": {
        "name": "LAYTOWN  BETTYSTOWN-LEA-7",
        "distance": 514.6051486887835
      },
      "N": {
        "name": "DUNDALK-CARLINGFORD LEA-6",
        "distance": 6240.335327150818
      },
      "S": {
        "name": "BALLINA LEA-6",
        "distance": 2459.2848692483994
      },
      "E": {
        "name": "LETTERKENNY LEA-7",
        "distance": 5089.38269720045
      }
    }
  },
  {
    "name": "KILRUSH LEA-5",
    "lat": 501870.41,
    "long": 663859.45,
    "within": "Clare",
    "direction": {
      "N": {
        "name": "DUNDRUM LEA-7",
        "distance": 735.1468658969849
      },
      "E": {
        "name": "CARRICK-ON-SHANNON LEA-6",
        "distance": 1775.1192464515739
      },
      "W": {
        "name": "CORK CITY SOUTH EAST LEA-6",
        "distance": 3470.5943822681043
      }
    }
  },
  {
    "name": "CORK CITY SOUTH EAST LEA-6",
    "lat": 571820.37,
    "long": 568962.74,
    "within": "Cork",
    "direction": {
      "E": {
        "name": "MONAGHAN LEA-7",
        "distance": 963.9664999151482
      },
      "W": {
        "name": "BANDON - KINSALE LEA-6",
        "distance": 8503.697540618743
      },
      "S": {
        "name": "CASTLEISLAND LEA-4",
        "distance": 2196.973546218898
      },
      "N": {
        "name": "CALLAN-THOMASTOWN LEA-6",
        "distance": 1646.0576133598822
      }
    }
  },
  {
    "name": "MIDLETON LEA-7",
    "lat": 594833.86,
    "long": 574449.29,
    "within": "Cork",
    "direction": {
      "E": {
        "name": "CABRA-GLASNEVIN LEA-7",
        "distance": 132.306025207554
      },
      "S": {
        "name": "CORK CITY NORTH EAST LEA-6",
        "distance": 943.4187404479354
      },
      "N": {
        "name": "WICKLOW LEA-6",
        "distance": 2427.7825965047577
      }
    }
  },
  {
    "name": "NEWCASTLE WEST LEA-6",
    "lat": 528978.57,
    "long": 632878.5,
    "within": "Limerick",
    "direction": {
      "E": {
        "name": "DONEGAL LEA-6",
        "distance": 2172.1449232440696
      },
      "N": {
        "name": "CAHIR LEA-4",
        "distance": 1514.516333004693
      },
      "W": {
        "name": "CORK CITY NORTH WEST LEA-6",
        "distance": 1920.781353985739
      },
      "S": {
        "name": "LISTOWEL LEA-6",
        "distance": 5384.349634636376
      }
    }
  },
  {
    "name": "FIRHOUSE-BOHERNABREENA LEA-5",
    "lat": 711735.16,
    "long": 721926.53,
    "within": "Dublin",
    "direction": {
      "E": {
        "name": "KELLS LEA-7",
        "distance": 1990.3154903630048
      },
      "S": {
        "name": "BELMULLET-LEA-3",
        "distance": 1364.454816725245
      },
      "N": {
        "name": "STILLORGAN LEA-6",
        "distance": 6015.317909976259
      },
      "W": {
        "name": "MUINEBEAG LEA-5",
        "distance": 6004.424752634359
      }
    }
  },
  {
    "name": "NAAS LEA-7",
    "lat": 694116.43,
    "long": 718202.21,
    "within": "Kildare",
    "direction": {
      "E": {
        "name": "MONAGHAN LEA-7",
        "distance": 2338.0217613816276
      },
      "S": {
        "name": "GORT-KINVARA LEA-5",
        "distance": 880.2652247052907
      },
      "N": {
        "name": "BLACKROCK LEA-6",
        "distance": 1602.8750773177446
      },
      "W": {
        "name": "CORK CITY SOUTH EAST LEA-6",
        "distance": 1738.9047248701327
      }
    }
  },
  {
    "name": "CONAMARA NORTH LEA-4",
    "lat": 487177.08,
    "long": 746751.04,
    "within": "Galway",
    "direction": {
      "N": {
        "name": "CLONDALKIN LEA-7",
        "distance": 579.2397969951293
      },
      "E": {
        "name": "DONEGAL LEA-6",
        "distance": 4497.635795128933
      },
      "W": {
        "name": "LISTOWEL LEA-6",
        "distance": 420.963173339942
      }
    }
  },
  {
    "name": "CLONMEL LEA-6",
    "lat": 622242.17,
    "long": 629840.91,
    "within": "Tipperary",
    "direction": {
      "E": {
        "name": "CARRICK-ON-SHANNON LEA-6",
        "distance": 1493.9826667609657
      },
      "N": {
        "name": "KILLINEY-SHANKILL LEA-7",
        "distance": 1659.7909575488238
      },
      "W": {
        "name": "BANDON - KINSALE LEA-6",
        "distance": 4116.907348618935
      },
      "S": {
        "name": "KILRUSH LEA-5",
        "distance": 1407.0489178278106
      }
    }
  },
  {
    "name": "BAILIEBOROUGH - COOTEHILL LEA-6",
    "lat": 661329.76,
    "long": 804522.6,
    "within": "Cavan",
    "direction": {
      "E": {
        "name": "BALLYBAY-CLONES LEA-5",
        "distance": 1772.60789917062
      },
      "W": {
        "name": "NEWPORT LEA-4",
        "distance": 1169.7677582808808
      },
      "S": {
        "name": "CORCA DHUIBHNE LEA-3",
        "distance": 5857.7419914393095
      },
      "N": {
        "name": "DROGHEDA URBAN LEA-6",
        "distance": 1931.9225103944855
      }
    }
  },
  {
    "name": "CASTLEKNOCK LEA-6",
    "lat": 706256.45,
    "long": 737609.43,
    "within": "Dublin",
    "direction": {
      "E": {
        "name": "DROGHEDA RURAL LEA-4",
        "distance": 379.20143903441567
      },
      "S": {
        "name": "BALLINA LEA-6",
        "distance": 581.4270964789285
      },
      "W": {
        "name": "CARRIGALINE LEA-6",
        "distance": 1345.9300223097744
      },
      "N": {
        "name": "DONAGHMEDE LEA-5",
        "distance": 2766.251390238618
      }
    }
  },
  {
    "name": "ADARE-RATHKEALE LEA-6",
    "lat": 540522.45,
    "long": 645451.95,
    "within": "Limerick",
    "direction": {
      "E": {
        "name": "ENNISTIMON LEA-4",
        "distance": 2774.9909206615393
      },
      "N": {
        "name": "CAHIR LEA-4",
        "distance": 2184.689983209562
      },
      "W": {
        "name": "CORK CITY NORTH WEST LEA-6",
        "distance": 1811.2494442006152
      },
      "S": {
        "name": "LISTOWEL LEA-6",
        "distance": 8244.350739990827
      }
    }
  },
  {
    "name": "ROSSLARE LEA-5",
    "lat": 698303.15,
    "long": 609281.14,
    "within": "Wexford",
    "direction": {
      "E": {
        "name": "ARDEE LEA-6",
        "distance": 752.3162558283329
      },
      "S": {
        "name": "LIMERICK CITY NORTH LEA-7",
        "distance": 610.8110848054664
      }
    }
  }
]