[{"name": "Connacht", "lat": 53.87, "long": -8.63333, "direction": {"E": {"name": "Leinster", "distance": 132.23268741180752}, "S": {"name": "Munster", "distance": 169.9023771202837}, "N": {"name": "Ulster", "distance": 125.89300264412627}}}, {"name": "Leinster", "lat": 53.16667, "long": -7.02121, "direction": {"W": {"name": "Connacht", "distance": 132.23268741180752}, "N": {"name": "Ulster", "distance": 204.80826705071047}}}, {"name": "Munster", "lat": 52.34333, "long": -8.71667, "direction": {"N": {"name": "Connacht", "distance": 169.9023771202837}, "E": {"name": "Leinster", "distance": 146.32870395872038}}}, {"name": "Ulster", "lat": 54.92732, "long": -7.9395, "direction": {"S": {"name": "Connacht", "distance": 125.89300264412627}}}]